Year,Region,RegionIndex,KER_price ($/kg),CO2_price ($/kgCO2)
2005,AFE,0,0.464973089,0.0
2005,AFN,1,0.464973089,0.0
2005,AFW,2,0.464973089,0.0
2005,AFZ,3,0.464973089,0.0
2005,NIG,4,0.464973089,0.0
2005,RUS,5,0.464973089,0.0
2005,ASC,6,0.464973089,0.0
2005,ASE,7,0.464973089,0.0
2005,CHN,8,0.464973089,0.0
2005,IDN,9,0.464973089,0.0
2005,IND,10,0.464973089,0.0
2005,ASO,11,0.464973089,0.0
2005,JPN,12,0.464973089,0.0
2005,SKT,13,0.464973089,0.0
2005,ANZ,14,0.464973089,0.0
2005,USA,15,0.464973089,0.0
2005,CAN,16,0.464973089,0.0
2005,LAM,17,0.464973089,0.0
2005,BRA,18,0.464973089,0.0
2005,MEX,19,0.464973089,0.0
2005,CHL,20,0.464973089,0.0
2005,ENE,21,0.464973089,0.0
2005,ENW,22,0.464973089,0.0
2005,EUE,23,0.464973089,0.0
2005,EUW,24,0.464973089,0.0
2005,EUM,25,0.464973089,0.0
2005,MEA,26,0.464973089,0.0
2005,MDA,27,0.464973089,0.0
2005,UK,28,0.464973089,0.0
2006,AFE,0,0.464973089,0.0
2006,AFN,1,0.464973089,0.0
2006,AFW,2,0.464973089,0.0
2006,AFZ,3,0.464973089,0.0
2006,NIG,4,0.464973089,0.0
2006,RUS,5,0.464973089,0.0
2006,ASC,6,0.464973089,0.0
2006,ASE,7,0.464973089,0.0
2006,CHN,8,0.464973089,0.0
2006,IDN,9,0.464973089,0.0
2006,IND,10,0.464973089,0.0
2006,ASO,11,0.464973089,0.0
2006,JPN,12,0.464973089,0.0
2006,SKT,13,0.464973089,0.0
2006,ANZ,14,0.464973089,0.0
2006,USA,15,0.464973089,0.0
2006,CAN,16,0.464973089,0.0
2006,LAM,17,0.464973089,0.0
2006,BRA,18,0.464973089,0.0
2006,MEX,19,0.464973089,0.0
2006,CHL,20,0.464973089,0.0
2006,ENE,21,0.464973089,0.0
2006,ENW,22,0.464973089,0.0
2006,EUE,23,0.464973089,0.0
2006,EUW,24,0.464973089,0.0
2006,EUM,25,0.464973089,0.0
2006,MEA,26,0.464973089,0.0
2006,MDA,27,0.464973089,0.0
2006,UK,28,0.464973089,0.0
2007,AFE,0,0.464973089,0.0
2007,AFN,1,0.464973089,0.0
2007,AFW,2,0.464973089,0.0
2007,AFZ,3,0.464973089,0.0
2007,NIG,4,0.464973089,0.0
2007,RUS,5,0.464973089,0.0
2007,ASC,6,0.464973089,0.0
2007,ASE,7,0.464973089,0.0
2007,CHN,8,0.464973089,0.0
2007,IDN,9,0.464973089,0.0
2007,IND,10,0.464973089,0.0
2007,ASO,11,0.464973089,0.0
2007,JPN,12,0.464973089,0.0
2007,SKT,13,0.464973089,0.0
2007,ANZ,14,0.464973089,0.0
2007,USA,15,0.464973089,0.0
2007,CAN,16,0.464973089,0.0
2007,LAM,17,0.464973089,0.0
2007,BRA,18,0.464973089,0.0
2007,MEX,19,0.464973089,0.0
2007,CHL,20,0.464973089,0.0
2007,ENE,21,0.464973089,0.0
2007,ENW,22,0.464973089,0.0
2007,EUE,23,0.464973089,0.0
2007,EUW,24,0.464973089,0.0
2007,EUM,25,0.464973089,0.0
2007,MEA,26,0.464973089,0.0
2007,MDA,27,0.464973089,0.0
2007,UK,28,0.464973089,0.0
2008,AFE,0,0.464973089,0.0
2008,AFN,1,0.464973089,0.0
2008,AFW,2,0.464973089,0.0
2008,AFZ,3,0.464973089,0.0
2008,NIG,4,0.464973089,0.0
2008,RUS,5,0.464973089,0.0
2008,ASC,6,0.464973089,0.0
2008,ASE,7,0.464973089,0.0
2008,CHN,8,0.464973089,0.0
2008,IDN,9,0.464973089,0.0
2008,IND,10,0.464973089,0.0
2008,ASO,11,0.464973089,0.0
2008,JPN,12,0.464973089,0.0
2008,SKT,13,0.464973089,0.0
2008,ANZ,14,0.464973089,0.0
2008,USA,15,0.464973089,0.0
2008,CAN,16,0.464973089,0.0
2008,LAM,17,0.464973089,0.0
2008,BRA,18,0.464973089,0.0
2008,MEX,19,0.464973089,0.0
2008,CHL,20,0.464973089,0.0
2008,ENE,21,0.464973089,0.0
2008,ENW,22,0.464973089,0.0
2008,EUE,23,0.464973089,0.0
2008,EUW,24,0.464973089,0.0
2008,EUM,25,0.464973089,0.0
2008,MEA,26,0.464973089,0.0
2008,MDA,27,0.464973089,0.0
2008,UK,28,0.464973089,0.0
2009,AFE,0,0.464973089,0.0
2009,AFN,1,0.464973089,0.0
2009,AFW,2,0.464973089,0.0
2009,AFZ,3,0.464973089,0.0
2009,NIG,4,0.464973089,0.0
2009,RUS,5,0.464973089,0.0
2009,ASC,6,0.464973089,0.0
2009,ASE,7,0.464973089,0.0
2009,CHN,8,0.464973089,0.0
2009,IDN,9,0.464973089,0.0
2009,IND,10,0.464973089,0.0
2009,ASO,11,0.464973089,0.0
2009,JPN,12,0.464973089,0.0
2009,SKT,13,0.464973089,0.0
2009,ANZ,14,0.464973089,0.0
2009,USA,15,0.464973089,0.0
2009,CAN,16,0.464973089,0.0
2009,LAM,17,0.464973089,0.0
2009,BRA,18,0.464973089,0.0
2009,MEX,19,0.464973089,0.0
2009,CHL,20,0.464973089,0.0
2009,ENE,21,0.464973089,0.0
2009,ENW,22,0.464973089,0.0
2009,EUE,23,0.464973089,0.0
2009,EUW,24,0.464973089,0.0
2009,EUM,25,0.464973089,0.0
2009,MEA,26,0.464973089,0.0
2009,MDA,27,0.464973089,0.0
2009,UK,28,0.464973089,0.0
2010,AFE,0,0.47292767,0.0
2010,AFN,1,0.47292767,0.0
2010,AFW,2,0.47292767,0.0
2010,AFZ,3,0.47292767,0.0
2010,NIG,4,0.47292767,0.0
2010,RUS,5,0.446413024,0.0
2010,ASC,6,0.459134501,0.0
2010,ASE,7,0.459134501,0.0
2010,CHN,8,0.467255195,0.0
2010,IDN,9,0.459134501,0.0
2010,IND,10,0.400370813,0.0
2010,ASO,11,0.459134501,0.0
2010,JPN,12,0.467649192,0.0
2010,SKT,13,0.427034994,0.0
2010,ANZ,14,0.4611861,0.0
2010,USA,15,0.489422293,0.0
2010,CAN,16,0.478523066,0.0
2010,LAM,17,0.479265936,0.0
2010,BRA,18,0.479265936,0.0
2010,MEX,19,0.487844793,0.0
2010,CHL,20,0.479265936,0.0
2010,ENE,21,0.473101945,0.0
2010,ENW,22,0.473101945,0.0
2010,EUE,23,0.473354382,0.0
2010,EUW,24,0.473354382,0.0
2010,EUM,25,0.473354382,0.0
2010,MEA,26,0.450168669,0.0
2010,MDA,27,0.450168669,0.0
2010,UK,28,0.473354378,0.0
2011,AFE,0,0.487449888,0.0
2011,AFN,1,0.487449888,0.0
2011,AFW,2,0.487449888,0.0
2011,AFZ,3,0.487449888,0.0
2011,NIG,4,0.487449888,0.0
2011,RUS,5,0.465943503,0.0
2011,ASC,6,0.47852981,0.0
2011,ASE,7,0.47852981,0.0
2011,CHN,8,0.486785674,0.0
2011,IDN,9,0.47852981,0.0
2011,IND,10,0.425042928,0.0
2011,ASO,11,0.47852981,0.0
2011,JPN,12,0.475602053,0.0
2011,SKT,13,0.437768851,0.0
2011,ANZ,14,0.480615963,0.0
2011,USA,15,0.504824977,0.0
2011,CAN,16,0.50107322,0.0
2011,LAM,17,0.495853336,0.0
2011,BRA,18,0.495853336,0.0
2011,MEX,19,0.503344567,0.0
2011,CHL,20,0.495853336,0.0
2011,ENE,21,0.489660155,0.0
2011,ENW,22,0.489660155,0.0
2011,EUE,23,0.489490486,0.0
2011,EUW,24,0.489490486,0.0
2011,EUM,25,0.489490486,0.0
2011,MEA,26,0.469414742,0.0
2011,MDA,27,0.469414742,0.0
2011,UK,28,0.489498492,0.018141367
2012,AFE,0,0.501972105,0.0
2012,AFN,1,0.501972105,0.0
2012,AFW,2,0.501972105,0.0
2012,AFZ,3,0.501972105,0.0
2012,NIG,4,0.501972105,0.0
2012,RUS,5,0.485473981,0.0
2012,ASC,6,0.497925119,0.0
2012,ASE,7,0.497925119,0.0
2012,CHN,8,0.506316153,0.0
2012,IDN,9,0.497925119,0.0
2012,IND,10,0.449715042,0.0
2012,ASO,11,0.497925119,0.0
2012,JPN,12,0.483554915,0.0
2012,SKT,13,0.448502707,0.0
2012,ANZ,14,0.500045826,0.0
2012,USA,15,0.520227661,0.0
2012,CAN,16,0.523623374,0.0
2012,LAM,17,0.512440736,0.0
2012,BRA,18,0.512440736,0.0
2012,MEX,19,0.518844342,0.0
2012,CHL,20,0.512440736,0.0
2012,ENE,21,0.506218366,0.0
2012,ENW,22,0.506218366,0.0
2012,EUE,23,0.50562659,0.0
2012,EUW,24,0.50562659,0.0
2012,EUM,25,0.50562659,0.0
2012,MEA,26,0.488660814,0.0
2012,MDA,27,0.488660814,0.0
2012,UK,28,0.505642605,0.036282733
2013,AFE,0,0.516494323,0.0
2013,AFN,1,0.516494323,0.0
2013,AFW,2,0.516494323,0.0
2013,AFZ,3,0.516494323,0.0
2013,NIG,4,0.516494323,0.0
2013,RUS,5,0.50500446,0.0
2013,ASC,6,0.517320428,0.0
2013,ASE,7,0.517320428,0.0
2013,CHN,8,0.525846631,0.0
2013,IDN,9,0.517320428,0.0
2013,IND,10,0.474387156,0.0
2013,ASO,11,0.517320428,0.0
2013,JPN,12,0.491507777,0.0
2013,SKT,13,0.459236563,0.0
2013,ANZ,14,0.519475689,0.0
2013,USA,15,0.535630345,0.0
2013,CAN,16,0.546173528,0.0
2013,LAM,17,0.529028136,0.0
2013,BRA,18,0.529028136,0.0
2013,MEX,19,0.534344117,0.0
2013,CHL,20,0.529028136,0.0
2013,ENE,21,0.522776576,0.0
2013,ENW,22,0.522776576,0.0
2013,EUE,23,0.521762695,0.0
2013,EUW,24,0.521762695,0.0
2013,EUM,25,0.521762695,0.0
2013,MEA,26,0.507906887,0.0
2013,MDA,27,0.507906887,0.0
2013,UK,28,0.521786718,0.0544241
2014,AFE,0,0.53101654,0.0
2014,AFN,1,0.53101654,0.0
2014,AFW,2,0.53101654,0.0
2014,AFZ,3,0.53101654,0.0
2014,NIG,4,0.53101654,0.0
2014,RUS,5,0.524534938,0.0
2014,ASC,6,0.536715737,0.0
2014,ASE,7,0.536715737,0.0
2014,CHN,8,0.54537711,0.0
2014,IDN,9,0.536715737,0.0
2014,IND,10,0.49905927,0.0
2014,ASO,11,0.536715737,0.0
2014,JPN,12,0.499460639,0.0
2014,SKT,13,0.469970419,0.0
2014,ANZ,14,0.538905553,0.0
2014,USA,15,0.551033029,0.0
2014,CAN,16,0.568723682,0.0
2014,LAM,17,0.545615536,0.0
2014,BRA,18,0.545615536,0.0
2014,MEX,19,0.549843891,0.0
2014,CHL,20,0.545615536,0.0
2014,ENE,21,0.539334787,0.0
2014,ENW,22,0.539334787,0.0
2014,EUE,23,0.537898799,0.0
2014,EUW,24,0.537898799,0.0
2014,EUM,25,0.537898799,0.0
2014,MEA,26,0.527152959,0.0
2014,MDA,27,0.527152959,0.0
2014,UK,28,0.537930831,0.072565466
2015,AFE,0,0.545538757,0.0
2015,AFN,1,0.545538757,0.0
2015,AFW,2,0.545538757,0.0
2015,AFZ,3,0.545538757,0.0
2015,NIG,4,0.545538757,0.0
2015,RUS,5,0.544065416,0.0
2015,ASC,6,0.556111046,0.0
2015,ASE,7,0.556111046,0.0
2015,CHN,8,0.564907589,0.0
2015,IDN,9,0.556111046,0.0
2015,IND,10,0.523731384,0.0
2015,ASO,11,0.556111046,0.0
2015,JPN,12,0.5074135,0.0
2015,SKT,13,0.480704276,0.0
2015,ANZ,14,0.558335416,0.0
2015,USA,15,0.566435713,0.0
2015,CAN,16,0.591273836,0.0
2015,LAM,17,0.562202936,0.0
2015,BRA,18,0.562202936,0.0
2015,MEX,19,0.565343666,0.0
2015,CHL,20,0.562202936,0.0
2015,ENE,21,0.555892998,0.0
2015,ENW,22,0.555892998,0.0
2015,EUE,23,0.554034903,0.0
2015,EUW,24,0.554034903,0.0
2015,EUM,25,0.554034903,0.0
2015,MEA,26,0.546399031,0.0
2015,MDA,27,0.546399031,0.0
2015,UK,28,0.554074944,0.090706833
2016,AFE,0,0.560060975,0.0
2016,AFN,1,0.560060975,0.0
2016,AFW,2,0.560060975,0.0
2016,AFZ,3,0.560060975,0.0
2016,NIG,4,0.560060975,0.0
2016,RUS,5,0.563595895,0.0
2016,ASC,6,0.575506355,0.0
2016,ASE,7,0.575506355,0.0
2016,CHN,8,0.584438067,0.0
2016,IDN,9,0.575506355,0.0
2016,IND,10,0.548403499,0.0
2016,ASO,11,0.575506355,0.0
2016,JPN,12,0.515366362,0.0
2016,SKT,13,0.491438132,0.0
2016,ANZ,14,0.577765279,0.0
2016,USA,15,0.581838397,0.0
2016,CAN,16,0.61382399,0.0
2016,LAM,17,0.578790336,0.0
2016,BRA,18,0.578790336,0.0
2016,MEX,19,0.580843441,0.0
2016,CHL,20,0.578790336,0.0
2016,ENE,21,0.572451208,0.0
2016,ENW,22,0.572451208,0.0
2016,EUE,23,0.570171007,0.0
2016,EUW,24,0.570171007,0.0
2016,EUM,25,0.570171007,0.0
2016,MEA,26,0.565645104,0.0
2016,MDA,27,0.565645104,0.0
2016,UK,28,0.570219057,0.108848199
2017,AFE,0,0.574583192,0.0
2017,AFN,1,0.574583192,0.0
2017,AFW,2,0.574583192,0.0
2017,AFZ,3,0.574583192,0.0
2017,NIG,4,0.574583192,0.0
2017,RUS,5,0.583126373,0.0
2017,ASC,6,0.594901664,0.0
2017,ASE,7,0.594901664,0.0
2017,CHN,8,0.603968546,0.0
2017,IDN,9,0.594901664,0.0
2017,IND,10,0.573075613,0.0
2017,ASO,11,0.594901664,0.0
2017,JPN,12,0.523319224,0.0
2017,SKT,13,0.502171988,0.0
2017,ANZ,14,0.597195142,0.0
2017,USA,15,0.597241081,0.0
2017,CAN,16,0.636374144,0.0
2017,LAM,17,0.595377736,0.0
2017,BRA,18,0.595377736,0.0
2017,MEX,19,0.596343215,0.0
2017,CHL,20,0.595377736,0.0
2017,ENE,21,0.589009419,0.0
2017,ENW,22,0.589009419,0.0
2017,EUE,23,0.586307112,0.0
2017,EUW,24,0.586307112,0.0
2017,EUM,25,0.586307112,0.0
2017,MEA,26,0.584891176,0.0
2017,MDA,27,0.584891176,0.0
2017,UK,28,0.58636317,0.126989566
2018,AFE,0,0.589105409,0.0
2018,AFN,1,0.589105409,0.0
2018,AFW,2,0.589105409,0.0
2018,AFZ,3,0.589105409,0.0
2018,NIG,4,0.589105409,0.0
2018,RUS,5,0.602656852,0.0
2018,ASC,6,0.614296974,0.0
2018,ASE,7,0.614296974,0.0
2018,CHN,8,0.623499025,0.0
2018,IDN,9,0.614296974,0.0
2018,IND,10,0.597747727,0.0
2018,ASO,11,0.614296974,0.0
2018,JPN,12,0.531272086,0.0
2018,SKT,13,0.512905844,0.0
2018,ANZ,14,0.616625005,0.0
2018,USA,15,0.612643765,0.0
2018,CAN,16,0.658924298,0.0
2018,LAM,17,0.611965136,0.0
2018,BRA,18,0.611965136,0.0
2018,MEX,19,0.61184299,0.0
2018,CHL,20,0.611965136,0.0
2018,ENE,21,0.60556763,0.0
2018,ENW,22,0.60556763,0.0
2018,EUE,23,0.602443216,0.0
2018,EUW,24,0.602443216,0.0
2018,EUM,25,0.602443216,0.0
2018,MEA,26,0.604137249,0.0
2018,MDA,27,0.604137249,0.0
2018,UK,28,0.602507283,0.145130932
2019,AFE,0,0.603627627,0.0
2019,AFN,1,0.603627627,0.0
2019,AFW,2,0.603627627,0.0
2019,AFZ,3,0.603627627,0.0
2019,NIG,4,0.603627627,0.0
2019,RUS,5,0.62218733,0.0
2019,ASC,6,0.633692283,0.0
2019,ASE,7,0.633692283,0.0
2019,CHN,8,0.643029503,0.0
2019,IDN,9,0.633692283,0.0
2019,IND,10,0.622419841,0.0
2019,ASO,11,0.633692283,0.0
2019,JPN,12,0.539224947,0.0
2019,SKT,13,0.523639701,0.0
2019,ANZ,14,0.636054868,0.0
2019,USA,15,0.628046449,0.0
2019,CAN,16,0.681474451,0.0
2019,LAM,17,0.628552536,0.0
2019,BRA,18,0.628552536,0.0
2019,MEX,19,0.627342765,0.0
2019,CHL,20,0.628552536,0.0
2019,ENE,21,0.62212584,0.0
2019,ENW,22,0.62212584,0.0
2019,EUE,23,0.61857932,0.0
2019,EUW,24,0.61857932,0.0
2019,EUM,25,0.61857932,0.0
2019,MEA,26,0.623383321,0.0
2019,MDA,27,0.623383321,0.0
2019,UK,28,0.618651396,0.163272299
2020,AFE,0,0.618149844,0.0
2020,AFN,1,0.618149844,0.0
2020,AFW,2,0.618149844,0.0
2020,AFZ,3,0.618149844,0.0
2020,NIG,4,0.618149844,0.0
2020,RUS,5,0.641717808,0.0
2020,ASC,6,0.653087592,0.0
2020,ASE,7,0.653087592,0.0
2020,CHN,8,0.662559982,0.0
2020,IDN,9,0.653087592,0.0
2020,IND,10,0.647091955,0.0
2020,ASO,11,0.653087592,0.0
2020,JPN,12,0.547177809,0.0
2020,SKT,13,0.534373557,0.0
2020,ANZ,14,0.655484732,0.0
2020,USA,15,0.643449133,0.0
2020,CAN,16,0.704024605,0.0
2020,LAM,17,0.645139936,0.0
2020,BRA,18,0.645139936,0.0
2020,MEX,19,0.64284254,0.0
2020,CHL,20,0.645139936,0.0
2020,ENE,21,0.638684051,0.0
2020,ENW,22,0.638684051,0.0
2020,EUE,23,0.634715424,0.0
2020,EUW,24,0.634715424,0.0
2020,EUM,25,0.634715424,0.0
2020,MEA,26,0.642629393,0.0
2020,MDA,27,0.642629393,0.0
2020,UK,28,0.634795509,0.181413665
2021,AFE,0,0.620261235,0.0
2021,AFN,1,0.620261235,0.0
2021,AFW,2,0.620261235,0.0
2021,AFZ,3,0.620261235,0.0
2021,NIG,4,0.620261235,0.0
2021,RUS,5,0.64198566,0.0
2021,ASC,6,0.654041603,0.0
2021,ASE,7,0.654041603,0.0
2021,CHN,8,0.662827833,1.16e-15
2021,IDN,9,0.654041603,0.0
2021,IND,10,0.648106377,0.0
2021,ASO,11,0.654041603,0.0
2021,JPN,12,0.552968943,0.0
2021,SKT,13,0.537938384,0.0
2021,ANZ,14,0.655821626,0.0
2021,USA,15,0.642215689,0.0
2021,CAN,16,0.698699652,0.0
2021,LAM,17,0.644027001,0.0
2021,BRA,18,0.644027001,0.0
2021,MEX,19,0.641886699,0.0
2021,CHL,20,0.644027001,0.0
2021,ENE,21,0.639438088,0.0
2021,ENW,22,0.639438088,0.0
2021,EUE,23,0.635698764,0.0
2021,EUW,24,0.635698764,0.0
2021,EUM,25,0.635698764,0.0
2021,MEA,26,0.643688779,0.0
2021,MDA,27,0.643688779,0.0
2021,UK,28,0.63577084,0.163272299
2022,AFE,0,0.622372625,0.0
2022,AFN,1,0.622372625,0.0
2022,AFW,2,0.622372625,0.0
2022,AFZ,3,0.622372625,0.0
2022,NIG,4,0.622372625,0.0
2022,RUS,5,0.642253511,0.0
2022,ASC,6,0.654995614,0.0
2022,ASE,7,0.654995614,0.0
2022,CHN,8,0.663095684,2.31e-15
2022,IDN,9,0.654995614,0.0
2022,IND,10,0.649120799,0.0
2022,ASO,11,0.654995614,0.0
2022,JPN,12,0.558760076,0.0
2022,SKT,13,0.541503211,0.0
2022,ANZ,14,0.656158521,0.0
2022,USA,15,0.640982245,0.0
2022,CAN,16,0.693374698,0.0
2022,LAM,17,0.642914065,0.0
2022,BRA,18,0.642914065,0.0
2022,MEX,19,0.640930859,0.0
2022,CHL,20,0.642914065,0.0
2022,ENE,21,0.640192125,0.0
2022,ENW,22,0.640192125,0.0
2022,EUE,23,0.636682103,0.0
2022,EUW,24,0.636682103,0.0
2022,EUM,25,0.636682103,0.0
2022,MEA,26,0.644748164,0.0
2022,MDA,27,0.644748164,0.0
2022,UK,28,0.636746171,0.145130932
2023,AFE,0,0.624484016,0.0
2023,AFN,1,0.624484016,0.0
2023,AFW,2,0.624484016,0.0
2023,AFZ,3,0.624484016,0.0
2023,NIG,4,0.624484016,0.0
2023,RUS,5,0.642521362,0.0
2023,ASC,6,0.655949626,0.0
2023,ASE,7,0.655949626,0.0
2023,CHN,8,0.663363535,3.47e-15
2023,IDN,9,0.655949626,0.0
2023,IND,10,0.65013522,0.0
2023,ASO,11,0.655949626,0.0
2023,JPN,12,0.56455121,0.0
2023,SKT,13,0.545068038,0.0
2023,ANZ,14,0.656495415,0.0
2023,USA,15,0.6397488,0.0
2023,CAN,16,0.688049744,0.0
2023,LAM,17,0.64180113,0.0
2023,BRA,18,0.64180113,0.0
2023,MEX,19,0.639975019,0.0
2023,CHL,20,0.64180113,0.0
2023,ENE,21,0.640946161,0.0
2023,ENW,22,0.640946161,0.0
2023,EUE,23,0.637665442,0.0
2023,EUW,24,0.637665442,0.0
2023,EUM,25,0.637665442,0.0
2023,MEA,26,0.645807549,0.0
2023,MDA,27,0.645807549,0.0
2023,UK,28,0.637721501,0.126989566
2024,AFE,0,0.626595406,0.0
2024,AFN,1,0.626595406,0.0
2024,AFW,2,0.626595406,0.0
2024,AFZ,3,0.626595406,0.0
2024,NIG,4,0.626595406,0.0
2024,RUS,5,0.642789213,0.0
2024,ASC,6,0.656903637,0.0
2024,ASE,7,0.656903637,0.0
2024,CHN,8,0.663631386,4.63e-15
2024,IDN,9,0.656903637,0.0
2024,IND,10,0.651149642,0.0
2024,ASO,11,0.656903637,0.0
2024,JPN,12,0.570342343,0.0
2024,SKT,13,0.548632865,0.0
2024,ANZ,14,0.65683231,0.0
2024,USA,15,0.638515356,0.0
2024,CAN,16,0.682724791,0.0
2024,LAM,17,0.640688195,0.0
2024,BRA,18,0.640688195,0.0
2024,MEX,19,0.639019179,0.0
2024,CHL,20,0.640688195,0.0
2024,ENE,21,0.641700198,0.0
2024,ENW,22,0.641700198,0.0
2024,EUE,23,0.638648781,0.0
2024,EUW,24,0.638648781,0.0
2024,EUM,25,0.638648781,0.0
2024,MEA,26,0.646866935,0.0
2024,MDA,27,0.646866935,0.0
2024,UK,28,0.638696832,0.108848199
2025,AFE,0,0.628706797,0.0
2025,AFN,1,0.628706797,0.0
2025,AFW,2,0.628706797,0.0
2025,AFZ,3,0.628706797,0.0
2025,NIG,4,0.628706797,0.0
2025,RUS,5,0.643057065,0.0
2025,ASC,6,0.657857648,0.0
2025,ASE,7,0.657857648,0.0
2025,CHN,8,0.663899237,5.78e-15
2025,IDN,9,0.657857648,0.0
2025,IND,10,0.652164063,0.0
2025,ASO,11,0.657857648,0.0
2025,JPN,12,0.576133477,0.0
2025,SKT,13,0.552197692,0.0
2025,ANZ,14,0.657169205,0.0
2025,USA,15,0.637281912,0.0
2025,CAN,16,0.677399837,0.0
2025,LAM,17,0.63957526,0.0
2025,BRA,18,0.63957526,0.0
2025,MEX,19,0.638063339,0.0
2025,CHL,20,0.63957526,0.0
2025,ENE,21,0.642454235,0.0
2025,ENW,22,0.642454235,0.0
2025,EUE,23,0.63963212,0.0
2025,EUW,24,0.63963212,0.0
2025,EUM,25,0.63963212,0.0
2025,MEA,26,0.64792632,0.0
2025,MDA,27,0.64792632,0.0
2025,UK,28,0.639672162,0.090706833
2026,AFE,0,0.630818187,0.0
2026,AFN,1,0.630818187,0.0
2026,AFW,2,0.630818187,0.0
2026,AFZ,3,0.630818187,0.0
2026,NIG,4,0.630818187,0.0
2026,RUS,5,0.643324916,0.0
2026,ASC,6,0.658811659,0.0
2026,ASE,7,0.658811659,0.0
2026,CHN,8,0.664167088,6.94e-15
2026,IDN,9,0.658811659,0.0
2026,IND,10,0.653178485,0.0
2026,ASO,11,0.658811659,0.0
2026,JPN,12,0.581924611,0.0
2026,SKT,13,0.555762519,0.0
2026,ANZ,14,0.657506099,0.0
2026,USA,15,0.636048467,0.0
2026,CAN,16,0.672074883,0.0
2026,LAM,17,0.638462325,0.0
2026,BRA,18,0.638462325,0.0
2026,MEX,19,0.637107499,0.0
2026,CHL,20,0.638462325,0.0
2026,ENE,21,0.643208272,0.0
2026,ENW,22,0.643208272,0.0
2026,EUE,23,0.640615459,0.0
2026,EUW,24,0.640615459,0.0
2026,EUM,25,0.640615459,0.0
2026,MEA,26,0.648985705,0.0
2026,MDA,27,0.648985705,0.0
2026,UK,28,0.640647493,0.072565466
2027,AFE,0,0.632929578,0.0
2027,AFN,1,0.632929578,0.0
2027,AFW,2,0.632929578,0.0
2027,AFZ,3,0.632929578,0.0
2027,NIG,4,0.632929578,0.0
2027,RUS,5,0.643592767,0.0
2027,ASC,6,0.659765671,0.0
2027,ASE,7,0.659765671,0.0
2027,CHN,8,0.664434939,8.1e-15
2027,IDN,9,0.659765671,0.0
2027,IND,10,0.654192907,0.0
2027,ASO,11,0.659765671,0.0
2027,JPN,12,0.587715744,0.0
2027,SKT,13,0.559327346,0.0
2027,ANZ,14,0.657842994,0.0
2027,USA,15,0.634815023,0.0
2027,CAN,16,0.666749929,0.0
2027,LAM,17,0.63734939,0.0
2027,BRA,18,0.63734939,0.0
2027,MEX,19,0.636151659,0.0
2027,CHL,20,0.63734939,0.0
2027,ENE,21,0.643962309,0.0
2027,ENW,22,0.643962309,0.0
2027,EUE,23,0.641598798,0.0
2027,EUW,24,0.641598798,0.0
2027,EUM,25,0.641598798,0.0
2027,MEA,26,0.65004509,0.0
2027,MDA,27,0.65004509,0.0
2027,UK,28,0.641622824,0.0544241
2028,AFE,0,0.635040968,0.0
2028,AFN,1,0.635040968,0.0
2028,AFW,2,0.635040968,0.0
2028,AFZ,3,0.635040968,0.0
2028,NIG,4,0.635040968,0.0
2028,RUS,5,0.643860619,0.0
2028,ASC,6,0.660719682,0.0
2028,ASE,7,0.660719682,0.0
2028,CHN,8,0.66470279,9.25e-15
2028,IDN,9,0.660719682,0.0
2028,IND,10,0.655207328,0.0
2028,ASO,11,0.660719682,0.0
2028,JPN,12,0.593506878,0.0
2028,SKT,13,0.562892173,0.0
2028,ANZ,14,0.658179889,0.0
2028,USA,15,0.633581579,0.0
2028,CAN,16,0.661424976,0.0
2028,LAM,17,0.636236454,0.0
2028,BRA,18,0.636236454,0.0
2028,MEX,19,0.635195819,0.0
2028,CHL,20,0.636236454,0.0
2028,ENE,21,0.644716346,0.0
2028,ENW,22,0.644716346,0.0
2028,EUE,23,0.642582137,0.0
2028,EUW,24,0.642582137,0.0
2028,EUM,25,0.642582137,0.0
2028,MEA,26,0.651104476,0.0
2028,MDA,27,0.651104476,0.0
2028,UK,28,0.642598154,0.036282733
2029,AFE,0,0.637152359,0.0
2029,AFN,1,0.637152359,0.0
2029,AFW,2,0.637152359,0.0
2029,AFZ,3,0.637152359,0.0
2029,NIG,4,0.637152359,0.0
2029,RUS,5,0.64412847,0.0
2029,ASC,6,0.661673693,0.0
2029,ASE,7,0.661673693,0.0
2029,CHN,8,0.664970642,1.04e-14
2029,IDN,9,0.661673693,0.0
2029,IND,10,0.65622175,0.0
2029,ASO,11,0.661673693,0.0
2029,JPN,12,0.599298011,0.0
2029,SKT,13,0.566457,0.0
2029,ANZ,14,0.658516783,0.0
2029,USA,15,0.632348134,0.0
2029,CAN,16,0.656100022,0.0
2029,LAM,17,0.635123519,0.0
2029,BRA,18,0.635123519,0.0
2029,MEX,19,0.634239978,0.0
2029,CHL,20,0.635123519,0.0
2029,ENE,21,0.645470383,0.0
2029,ENW,22,0.645470383,0.0
2029,EUE,23,0.643565477,0.0
2029,EUW,24,0.643565477,0.0
2029,EUM,25,0.643565477,0.0
2029,MEA,26,0.652163861,0.0
2029,MDA,27,0.652163861,0.0
2029,UK,28,0.643573485,0.018141367
2030,AFE,0,0.639263749,0.0
2030,AFN,1,0.639263749,0.0
2030,AFW,2,0.639263749,0.0
2030,AFZ,3,0.639263749,0.0
2030,NIG,4,0.639263749,0.0
2030,RUS,5,0.644396321,0.0
2030,ASC,6,0.662627704,0.0
2030,ASE,7,0.662627704,0.0
2030,CHN,8,0.665238493,1.16e-14
2030,IDN,9,0.662627704,0.0
2030,IND,10,0.657236172,0.0
2030,ASO,11,0.662627704,0.0
2030,JPN,12,0.605089145,0.0
2030,SKT,13,0.570021827,0.0
2030,ANZ,14,0.658853678,0.0
2030,USA,15,0.63111469,0.0
2030,CAN,16,0.650775068,0.0
2030,LAM,17,0.634010584,0.0
2030,BRA,18,0.634010584,0.0
2030,MEX,19,0.633284138,0.0
2030,CHL,20,0.634010584,0.0
2030,ENE,21,0.646224419,0.0
2030,ENW,22,0.646224419,0.0
2030,EUE,23,0.644548816,0.0
2030,EUW,24,0.644548816,0.0
2030,EUM,25,0.644548816,0.0
2030,MEA,26,0.653223246,0.0
2030,MDA,27,0.653223246,0.0
2030,UK,28,0.644548815,0.0
2031,AFE,0,0.637431035,0.0
2031,AFN,1,0.637431035,0.0
2031,AFW,2,0.637431035,0.0
2031,AFZ,3,0.637431035,0.0
2031,NIG,4,0.637431035,0.0
2031,RUS,5,0.630159622,0.0
2031,ASC,6,0.660498688,0.0
2031,ASE,7,0.660498688,0.0
2031,CHN,8,0.658000701,1.75e-14
2031,IDN,9,0.660498688,0.0
2031,IND,10,0.649863991,0.0
2031,ASO,11,0.660498688,0.0
2031,JPN,12,0.607970337,0.0
2031,SKT,13,0.576805011,0.0
2031,ANZ,14,0.656044736,0.0
2031,USA,15,0.631067985,0.0
2031,CAN,16,0.648007573,0.0
2031,LAM,17,0.634381317,0.0
2031,BRA,18,0.634381317,0.0
2031,MEX,19,0.631712739,0.0
2031,CHL,20,0.634381317,0.0
2031,ENE,21,0.645541889,0.0
2031,ENW,22,0.645541889,0.0
2031,EUE,23,0.644405381,0.0
2031,EUW,24,0.644405381,0.0
2031,EUM,25,0.644405381,0.0
2031,MEA,26,0.649954304,0.0
2031,MDA,27,0.649954304,0.0
2031,UK,28,0.644405381,0.0
2032,AFE,0,0.63559832,0.0
2032,AFN,1,0.63559832,0.0
2032,AFW,2,0.63559832,0.0
2032,AFZ,3,0.63559832,0.0
2032,NIG,4,0.63559832,0.0
2032,RUS,5,0.615922922,0.0
2032,ASC,6,0.658369671,0.0
2032,ASE,7,0.658369671,0.0
2032,CHN,8,0.65076291,2.34e-14
2032,IDN,9,0.658369671,0.0
2032,IND,10,0.64249181,0.0
2032,ASO,11,0.658369671,0.0
2032,JPN,12,0.610851529,0.0
2032,SKT,13,0.583588196,0.0
2032,ANZ,14,0.653235793,0.0
2032,USA,15,0.631021281,0.0
2032,CAN,16,0.645240077,0.0
2032,LAM,17,0.634752049,0.0
2032,BRA,18,0.634752049,0.0
2032,MEX,19,0.630141339,0.0
2032,CHL,20,0.634752049,0.0
2032,ENE,21,0.644859358,0.0
2032,ENW,22,0.644859358,0.0
2032,EUE,23,0.644261947,0.0
2032,EUW,24,0.644261947,0.0
2032,EUM,25,0.644261947,0.0
2032,MEA,26,0.646685362,0.0
2032,MDA,27,0.646685362,0.0
2032,UK,28,0.644261947,0.0
2033,AFE,0,0.633765606,0.0
2033,AFN,1,0.633765606,0.0
2033,AFW,2,0.633765606,0.0
2033,AFZ,3,0.633765606,0.0
2033,NIG,4,0.633765606,0.0
2033,RUS,5,0.601686223,0.0
2033,ASC,6,0.656240654,0.0
2033,ASE,7,0.656240654,0.0
2033,CHN,8,0.643525118,2.93e-14
2033,IDN,9,0.656240654,0.0
2033,IND,10,0.635119629,0.0
2033,ASO,11,0.656240654,0.0
2033,JPN,12,0.613732721,0.0
2033,SKT,13,0.590371381,0.0
2033,ANZ,14,0.650426851,0.0
2033,USA,15,0.630974576,0.0
2033,CAN,16,0.642472581,0.0
2033,LAM,17,0.635122782,0.0
2033,BRA,18,0.635122782,0.0
2033,MEX,19,0.62856994,0.0
2033,CHL,20,0.635122782,0.0
2033,ENE,21,0.644176828,0.0
2033,ENW,22,0.644176828,0.0
2033,EUE,23,0.644118513,0.0
2033,EUW,24,0.644118513,0.0
2033,EUM,25,0.644118513,0.0
2033,MEA,26,0.64341642,0.0
2033,MDA,27,0.64341642,0.0
2033,UK,28,0.644118513,0.0
2034,AFE,0,0.631932892,0.0
2034,AFN,1,0.631932892,0.0
2034,AFW,2,0.631932892,0.0
2034,AFZ,3,0.631932892,0.0
2034,NIG,4,0.631932892,0.0
2034,RUS,5,0.587449524,0.0
2034,ASC,6,0.654111637,0.0
2034,ASE,7,0.654111637,0.0
2034,CHN,8,0.636287327,3.53e-14
2034,IDN,9,0.654111637,0.0
2034,IND,10,0.627747448,0.0
2034,ASO,11,0.654111637,0.0
2034,JPN,12,0.616613913,0.0
2034,SKT,13,0.597154566,0.0
2034,ANZ,14,0.647617909,0.0
2034,USA,15,0.630927871,0.0
2034,CAN,16,0.639705086,0.0
2034,LAM,17,0.635493515,0.0
2034,BRA,18,0.635493515,0.0
2034,MEX,19,0.62699854,0.0
2034,CHL,20,0.635493515,0.0
2034,ENE,21,0.643494297,0.0
2034,ENW,22,0.643494297,0.0
2034,EUE,23,0.643975078,0.0
2034,EUW,24,0.643975078,0.0
2034,EUM,25,0.643975078,0.0
2034,MEA,26,0.640147478,0.0
2034,MDA,27,0.640147478,0.0
2034,UK,28,0.643975078,0.0
2035,AFE,0,0.630100178,0.0
2035,AFN,1,0.630100178,0.0
2035,AFW,2,0.630100178,0.0
2035,AFZ,3,0.630100178,0.0
2035,NIG,4,0.630100178,0.0
2035,RUS,5,0.573212824,0.0
2035,ASC,6,0.651982621,0.0
2035,ASE,7,0.651982621,0.0
2035,CHN,8,0.629049535,4.12e-14
2035,IDN,9,0.651982621,0.0
2035,IND,10,0.620375267,0.0
2035,ASO,11,0.651982621,0.0
2035,JPN,12,0.619495105,0.0
2035,SKT,13,0.60393775,0.0
2035,ANZ,14,0.644808967,0.0
2035,USA,15,0.630881167,0.0
2035,CAN,16,0.63693759,0.0
2035,LAM,17,0.635864247,0.0
2035,BRA,18,0.635864247,0.0
2035,MEX,19,0.625427141,0.0
2035,CHL,20,0.635864247,0.0
2035,ENE,21,0.642811766,0.0
2035,ENW,22,0.642811766,0.0
2035,EUE,23,0.643831644,0.0
2035,EUW,24,0.643831644,0.0
2035,EUM,25,0.643831644,0.0
2035,MEA,26,0.636878536,0.0
2035,MDA,27,0.636878536,0.0
2035,UK,28,0.643831644,0.0
2036,AFE,0,0.628267463,0.0
2036,AFN,1,0.628267463,0.0
2036,AFW,2,0.628267463,0.0
2036,AFZ,3,0.628267463,0.0
2036,NIG,4,0.628267463,0.0
2036,RUS,5,0.558976125,0.0
2036,ASC,6,0.649853604,0.0
2036,ASE,7,0.649853604,0.0
2036,CHN,8,0.621811744,4.71e-14
2036,IDN,9,0.649853604,0.0
2036,IND,10,0.613003086,0.0
2036,ASO,11,0.649853604,0.0
2036,JPN,12,0.622376297,0.0
2036,SKT,13,0.610720935,0.0
2036,ANZ,14,0.642000024,0.0
2036,USA,15,0.630834462,0.0
2036,CAN,16,0.634170094,0.0
2036,LAM,17,0.63623498,0.0
2036,BRA,18,0.63623498,0.0
2036,MEX,19,0.623855741,0.0
2036,CHL,20,0.63623498,0.0
2036,ENE,21,0.642129236,0.0
2036,ENW,22,0.642129236,0.0
2036,EUE,23,0.64368821,0.0
2036,EUW,24,0.64368821,0.0
2036,EUM,25,0.64368821,0.0
2036,MEA,26,0.633609594,0.0
2036,MDA,27,0.633609594,0.0
2036,UK,28,0.64368821,0.0
2037,AFE,0,0.626434749,0.0
2037,AFN,1,0.626434749,0.0
2037,AFW,2,0.626434749,0.0
2037,AFZ,3,0.626434749,0.0
2037,NIG,4,0.626434749,0.0
2037,RUS,5,0.544739426,0.0
2037,ASC,6,0.647724587,0.0
2037,ASE,7,0.647724587,0.0
2037,CHN,8,0.614573952,5.31e-14
2037,IDN,9,0.647724587,0.0
2037,IND,10,0.605630905,0.0
2037,ASO,11,0.647724587,0.0
2037,JPN,12,0.625257489,0.0
2037,SKT,13,0.61750412,0.0
2037,ANZ,14,0.639191082,0.0
2037,USA,15,0.630787757,0.0
2037,CAN,16,0.631402599,0.0
2037,LAM,17,0.636605713,0.0
2037,BRA,18,0.636605713,0.0
2037,MEX,19,0.622284342,0.0
2037,CHL,20,0.636605713,0.0
2037,ENE,21,0.641446705,0.0
2037,ENW,22,0.641446705,0.0
2037,EUE,23,0.643544775,0.0
2037,EUW,24,0.643544775,0.0
2037,EUM,25,0.643544775,0.0
2037,MEA,26,0.630340651,0.0
2037,MDA,27,0.630340651,0.0
2037,UK,28,0.643544776,0.0
2038,AFE,0,0.624602035,0.0
2038,AFN,1,0.624602035,0.0
2038,AFW,2,0.624602035,0.0
2038,AFZ,3,0.624602035,0.0
2038,NIG,4,0.624602035,0.0
2038,RUS,5,0.530502727,0.0
2038,ASC,6,0.64559557,0.0
2038,ASE,7,0.64559557,0.0
2038,CHN,8,0.607336161,5.9e-14
2038,IDN,9,0.64559557,0.0
2038,IND,10,0.598258724,0.0
2038,ASO,11,0.64559557,0.0
2038,JPN,12,0.628138681,0.0
2038,SKT,13,0.624287304,0.0
2038,ANZ,14,0.63638214,0.0
2038,USA,15,0.630741053,0.0
2038,CAN,16,0.628635103,0.0
2038,LAM,17,0.636976446,0.0
2038,BRA,18,0.636976446,0.0
2038,MEX,19,0.620712942,0.0
2038,CHL,20,0.636976446,0.0
2038,ENE,21,0.640764175,0.0
2038,ENW,22,0.640764175,0.0
2038,EUE,23,0.643401341,0.0
2038,EUW,24,0.643401341,0.0
2038,EUM,25,0.643401341,0.0
2038,MEA,26,0.627071709,0.0
2038,MDA,27,0.627071709,0.0
2038,UK,28,0.643401341,0.0
2039,AFE,0,0.622769321,0.0
2039,AFN,1,0.622769321,0.0
2039,AFW,2,0.622769321,0.0
2039,AFZ,3,0.622769321,0.0
2039,NIG,4,0.622769321,0.0
2039,RUS,5,0.516266027,0.0
2039,ASC,6,0.643466554,0.0
2039,ASE,7,0.643466554,0.0
2039,CHN,8,0.60009837,6.49e-14
2039,IDN,9,0.643466554,0.0
2039,IND,10,0.590886543,0.0
2039,ASO,11,0.643466554,0.0
2039,JPN,12,0.631019873,0.0
2039,SKT,13,0.631070489,0.0
2039,ANZ,14,0.633573198,0.0
2039,USA,15,0.630694348,0.0
2039,CAN,16,0.625867608,0.0
2039,LAM,17,0.637347178,0.0
2039,BRA,18,0.637347178,0.0
2039,MEX,19,0.619141542,0.0
2039,CHL,20,0.637347178,0.0
2039,ENE,21,0.640081644,0.0
2039,ENW,22,0.640081644,0.0
2039,EUE,23,0.643257907,0.0
2039,EUW,24,0.643257907,0.0
2039,EUM,25,0.643257907,0.0
2039,MEA,26,0.623802767,0.0
2039,MDA,27,0.623802767,0.0
2039,UK,28,0.643257907,0.0
2040,AFE,0,0.620936606,0.0
2040,AFN,1,0.620936606,0.0
2040,AFW,2,0.620936606,0.0
2040,AFZ,3,0.620936606,0.0
2040,NIG,4,0.620936606,0.0
2040,RUS,5,0.502029328,0.0
2040,ASC,6,0.641337537,0.0
2040,ASE,7,0.641337537,0.0
2040,CHN,8,0.592860578,7.08e-14
2040,IDN,9,0.641337537,0.0
2040,IND,10,0.583514363,0.0
2040,ASO,11,0.641337537,0.0
2040,JPN,12,0.633901065,0.0
2040,SKT,13,0.637853674,0.0
2040,ANZ,14,0.630764255,0.0
2040,USA,15,0.630647643,0.0
2040,CAN,16,0.623100112,0.0
2040,LAM,17,0.637717911,0.0
2040,BRA,18,0.637717911,0.0
2040,MEX,19,0.617570143,0.0
2040,CHL,20,0.637717911,0.0
2040,ENE,21,0.639399114,0.0
2040,ENW,22,0.639399114,0.0
2040,EUE,23,0.643114473,0.0
2040,EUW,24,0.643114473,0.0
2040,EUM,25,0.643114473,0.0
2040,MEA,26,0.620533825,0.0
2040,MDA,27,0.620533825,0.0
2040,UK,28,0.643114473,0.0
2041,AFE,0,0.618858674,0.0
2041,AFN,1,0.618858674,0.0
2041,AFW,2,0.618858674,0.0
2041,AFZ,3,0.618858674,0.0
2041,NIG,4,0.618858674,0.0
2041,RUS,5,0.479305124,0.0
2041,ASC,6,0.640626701,0.0
2041,ASE,7,0.640626701,0.0
2041,CHN,8,0.583581152,7.59e-14
2041,IDN,9,0.640626701,0.0
2041,IND,10,0.580368194,0.0
2041,ASO,11,0.640626701,0.0
2041,JPN,12,0.633195218,0.0
2041,SKT,13,0.6364416,0.0
2041,ANZ,14,0.630066469,0.0
2041,USA,15,0.627392749,0.0
2041,CAN,16,0.622411565,0.0
2041,LAM,17,0.636060736,0.0
2041,BRA,18,0.636060736,0.0
2041,MEX,19,0.612608214,0.0
2041,CHL,20,0.636060736,0.0
2041,ENE,21,0.623575228,0.0
2041,ENW,22,0.623575228,0.0
2041,EUE,23,0.641056355,0.0
2041,EUW,24,0.641056355,0.0
2041,EUM,25,0.641056355,0.0
2041,MEA,26,0.619842411,0.0
2041,MDA,27,0.619842411,0.0
2041,UK,28,0.644654964,0.0
2042,AFE,0,0.616780741,0.0
2042,AFN,1,0.616780741,0.0
2042,AFW,2,0.616780741,0.0
2042,AFZ,3,0.616780741,0.0
2042,NIG,4,0.616780741,0.0
2042,RUS,5,0.45658092,0.0
2042,ASC,6,0.639915864,0.0
2042,ASE,7,0.639915864,0.0
2042,CHN,8,0.574301726,8.1e-14
2042,IDN,9,0.639915864,0.0
2042,IND,10,0.577222026,0.0
2042,ASO,11,0.639915864,0.0
2042,JPN,12,0.63248937,0.0
2042,SKT,13,0.635029527,0.0
2042,ANZ,14,0.629368683,0.0
2042,USA,15,0.624137855,0.0
2042,CAN,16,0.621723019,0.0
2042,LAM,17,0.634403561,0.0
2042,BRA,18,0.634403561,0.0
2042,MEX,19,0.607646285,0.0
2042,CHL,20,0.634403561,0.0
2042,ENE,21,0.607751342,0.0
2042,ENW,22,0.607751342,0.0
2042,EUE,23,0.638998238,0.0
2042,EUW,24,0.638998238,0.0
2042,EUM,25,0.638998238,0.0
2042,MEA,26,0.619150998,0.0
2042,MDA,27,0.619150998,0.0
2042,UK,28,0.646195456,0.0
2043,AFE,0,0.614702809,0.0
2043,AFN,1,0.614702809,0.0
2043,AFW,2,0.614702809,0.0
2043,AFZ,3,0.614702809,0.0
2043,NIG,4,0.614702809,0.0
2043,RUS,5,0.433856716,0.0
2043,ASC,6,0.639205028,0.0
2043,ASE,7,0.639205028,0.0
2043,CHN,8,0.565022299,8.61e-14
2043,IDN,9,0.639205028,0.0
2043,IND,10,0.574075857,0.0
2043,ASO,11,0.639205028,0.0
2043,JPN,12,0.631783522,0.0
2043,SKT,13,0.633617453,0.0
2043,ANZ,14,0.628670897,0.0
2043,USA,15,0.620882961,0.0
2043,CAN,16,0.621034473,0.0
2043,LAM,17,0.632746386,0.0
2043,BRA,18,0.632746386,0.0
2043,MEX,19,0.602684356,0.0
2043,CHL,20,0.632746386,0.0
2043,ENE,21,0.591927456,0.0
2043,ENW,22,0.591927456,0.0
2043,EUE,23,0.636940121,0.0
2043,EUW,24,0.636940121,0.0
2043,EUM,25,0.636940121,0.0
2043,MEA,26,0.618459584,0.0
2043,MDA,27,0.618459584,0.0
2043,UK,28,0.647735947,0.0
2044,AFE,0,0.612624876,0.0
2044,AFN,1,0.612624876,0.0
2044,AFW,2,0.612624876,0.0
2044,AFZ,3,0.612624876,0.0
2044,NIG,4,0.612624876,0.0
2044,RUS,5,0.411132512,0.0
2044,ASC,6,0.638494192,0.0
2044,ASE,7,0.638494192,0.0
2044,CHN,8,0.555742873,9.12e-14
2044,IDN,9,0.638494192,0.0
2044,IND,10,0.570929689,0.0
2044,ASO,11,0.638494192,0.0
2044,JPN,12,0.631077675,0.0
2044,SKT,13,0.632205379,0.0
2044,ANZ,14,0.627973111,0.0
2044,USA,15,0.617628067,0.0
2044,CAN,16,0.620345926,0.0
2044,LAM,17,0.63108921,0.0
2044,BRA,18,0.63108921,0.0
2044,MEX,19,0.597722428,0.0
2044,CHL,20,0.63108921,0.0
2044,ENE,21,0.57610357,0.0
2044,ENW,22,0.57610357,0.0
2044,EUE,23,0.634882004,0.0
2044,EUW,24,0.634882004,0.0
2044,EUM,25,0.634882004,0.0
2044,MEA,26,0.61776817,0.0
2044,MDA,27,0.61776817,0.0
2044,UK,28,0.649276439,0.0
2045,AFE,0,0.610546943,0.0
2045,AFN,1,0.610546943,0.0
2045,AFW,2,0.610546943,0.0
2045,AFZ,3,0.610546943,0.0
2045,NIG,4,0.610546943,0.0
2045,RUS,5,0.388408308,0.0
2045,ASC,6,0.637783356,0.0
2045,ASE,7,0.637783356,0.0
2045,CHN,8,0.546463447,9.63e-14
2045,IDN,9,0.637783356,0.0
2045,IND,10,0.567783521,0.0
2045,ASO,11,0.637783356,0.0
2045,JPN,12,0.630371827,0.0
2045,SKT,13,0.630793306,0.0
2045,ANZ,14,0.627275324,0.0
2045,USA,15,0.614373173,0.0
2045,CAN,16,0.61965738,0.0
2045,LAM,17,0.629432035,0.0
2045,BRA,18,0.629432035,0.0
2045,MEX,19,0.592760499,0.0
2045,CHL,20,0.629432035,0.0
2045,ENE,21,0.560279684,0.0
2045,ENW,22,0.560279684,0.0
2045,EUE,23,0.632823887,0.0
2045,EUW,24,0.632823887,0.0
2045,EUM,25,0.632823887,0.0
2045,MEA,26,0.617076757,0.0
2045,MDA,27,0.617076757,0.0
2045,UK,28,0.65081693,0.0
2046,AFE,0,0.608469011,0.0
2046,AFN,1,0.608469011,0.0
2046,AFW,2,0.608469011,0.0
2046,AFZ,3,0.608469011,0.0
2046,NIG,4,0.608469011,0.0
2046,RUS,5,0.365684103,0.0
2046,ASC,6,0.637072519,0.0
2046,ASE,7,0.637072519,0.0
2046,CHN,8,0.53718402,1.01e-13
2046,IDN,9,0.637072519,0.0
2046,IND,10,0.564637352,0.0
2046,ASO,11,0.637072519,0.0
2046,JPN,12,0.629665979,0.0
2046,SKT,13,0.629381232,0.0
2046,ANZ,14,0.626577538,0.0
2046,USA,15,0.611118279,0.0
2046,CAN,16,0.618968833,0.0
2046,LAM,17,0.62777486,0.0
2046,BRA,18,0.62777486,0.0
2046,MEX,19,0.58779857,0.0
2046,CHL,20,0.62777486,0.0
2046,ENE,21,0.544455798,0.0
2046,ENW,22,0.544455798,0.0
2046,EUE,23,0.63076577,0.0
2046,EUW,24,0.63076577,0.0
2046,EUM,25,0.63076577,0.0
2046,MEA,26,0.616385343,0.0
2046,MDA,27,0.616385343,0.0
2046,UK,28,0.652357421,0.0
2047,AFE,0,0.606391078,0.0
2047,AFN,1,0.606391078,0.0
2047,AFW,2,0.606391078,0.0
2047,AFZ,3,0.606391078,0.0
2047,NIG,4,0.606391078,0.0
2047,RUS,5,0.342959899,0.0
2047,ASC,6,0.636361683,0.0
2047,ASE,7,0.636361683,0.0
2047,CHN,8,0.527904594,1.06e-13
2047,IDN,9,0.636361683,0.0
2047,IND,10,0.561491184,0.0
2047,ASO,11,0.636361683,0.0
2047,JPN,12,0.628960132,0.0
2047,SKT,13,0.627969158,0.0
2047,ANZ,14,0.625879752,0.0
2047,USA,15,0.607863386,0.0
2047,CAN,16,0.618280287,0.0
2047,LAM,17,0.626117685,0.0
2047,BRA,18,0.626117685,0.0
2047,MEX,19,0.582836641,0.0
2047,CHL,20,0.626117685,0.0
2047,ENE,21,0.528631912,0.0
2047,ENW,22,0.528631912,0.0
2047,EUE,23,0.628707653,0.0
2047,EUW,24,0.628707653,0.0
2047,EUM,25,0.628707653,0.0
2047,MEA,26,0.61569393,0.0
2047,MDA,27,0.61569393,0.0
2047,UK,28,0.653897913,0.0
2048,AFE,0,0.604313146,0.0
2048,AFN,1,0.604313146,0.0
2048,AFW,2,0.604313146,0.0
2048,AFZ,3,0.604313146,0.0
2048,NIG,4,0.604313146,0.0
2048,RUS,5,0.320235695,0.0
2048,ASC,6,0.635650847,0.0
2048,ASE,7,0.635650847,0.0
2048,CHN,8,0.518625168,1.12e-13
2048,IDN,9,0.635650847,0.0
2048,IND,10,0.558345016,0.0
2048,ASO,11,0.635650847,0.0
2048,JPN,12,0.628254284,0.0
2048,SKT,13,0.626557085,0.0
2048,ANZ,14,0.625181966,0.0
2048,USA,15,0.604608492,0.0
2048,CAN,16,0.61759174,0.0
2048,LAM,17,0.62446051,0.0
2048,BRA,18,0.62446051,0.0
2048,MEX,19,0.577874712,0.0
2048,CHL,20,0.62446051,0.0
2048,ENE,21,0.512808026,0.0
2048,ENW,22,0.512808026,0.0
2048,EUE,23,0.626649536,0.0
2048,EUW,24,0.626649536,0.0
2048,EUM,25,0.626649536,0.0
2048,MEA,26,0.615002516,0.0
2048,MDA,27,0.615002516,0.0
2048,UK,28,0.655438404,0.0
2049,AFE,0,0.602235213,0.0
2049,AFN,1,0.602235213,0.0
2049,AFW,2,0.602235213,0.0
2049,AFZ,3,0.602235213,0.0
2049,NIG,4,0.602235213,0.0
2049,RUS,5,0.297511491,0.0
2049,ASC,6,0.63494001,0.0
2049,ASE,7,0.63494001,0.0
2049,CHN,8,0.509345741,1.17e-13
2049,IDN,9,0.63494001,0.0
2049,IND,10,0.555198847,0.0
2049,ASO,11,0.63494001,0.0
2049,JPN,12,0.627548436,0.0
2049,SKT,13,0.625145011,0.0
2049,ANZ,14,0.62448418,0.0
2049,USA,15,0.601353598,0.0
2049,CAN,16,0.616903194,0.0
2049,LAM,17,0.622803335,0.0
2049,BRA,18,0.622803335,0.0
2049,MEX,19,0.572912783,0.0
2049,CHL,20,0.622803335,0.0
2049,ENE,21,0.49698414,0.0
2049,ENW,22,0.49698414,0.0
2049,EUE,23,0.624591419,0.0
2049,EUW,24,0.624591419,0.0
2049,EUM,25,0.624591419,0.0
2049,MEA,26,0.614311102,0.0
2049,MDA,27,0.614311102,0.0
2049,UK,28,0.656978896,0.0
2050,AFE,0,0.600157281,0.0
2050,AFN,1,0.600157281,0.0
2050,AFW,2,0.600157281,0.0
2050,AFZ,3,0.600157281,0.0
2050,NIG,4,0.600157281,0.0
2050,RUS,5,0.274787287,0.0
2050,ASC,6,0.634229174,0.0
2050,ASE,7,0.634229174,0.0
2050,CHN,8,0.500066315,1.22e-13
2050,IDN,9,0.634229174,0.0
2050,IND,10,0.552052679,0.0
2050,ASO,11,0.634229174,0.0
2050,JPN,12,0.626842589,0.0
2050,SKT,13,0.623732938,0.0
2050,ANZ,14,0.623786394,0.0
2050,USA,15,0.598098704,0.0
2050,CAN,16,0.616214647,0.0
2050,LAM,17,0.62114616,0.0
2050,BRA,18,0.62114616,0.0
2050,MEX,19,0.567950855,0.0
2050,CHL,20,0.62114616,0.0
2050,ENE,21,0.481160254,0.0
2050,ENW,22,0.481160254,0.0
2050,EUE,23,0.622533301,0.0
2050,EUW,24,0.622533301,0.0
2050,EUM,25,0.622533301,0.0
2050,MEA,26,0.613619689,0.0
2050,MDA,27,0.613619689,0.0
2050,UK,28,0.658519387,0.0
2051,AFE,0,0.607995129,0.0
2051,AFN,1,0.607995129,0.0
2051,AFW,2,0.607995129,0.0
2051,AFZ,3,0.607995129,0.0
2051,NIG,4,0.607995129,0.0
2051,RUS,5,0.280433498,0.0
2051,ASC,6,0.642098254,0.0
2051,ASE,7,0.642098254,0.0
2051,CHN,8,0.500681487,1.28e-13
2051,IDN,9,0.642098254,0.0
2051,IND,10,0.559477156,0.0
2051,ASO,11,0.642098254,0.0
2051,JPN,12,0.632137425,0.0
2051,SKT,13,0.627493671,0.0
2051,ANZ,14,0.629083789,0.0
2051,USA,15,0.588614206,0.0
2051,CAN,16,0.621517366,0.0
2051,LAM,17,0.626942307,0.0
2051,BRA,18,0.626942307,0.0
2051,MEX,19,0.561412274,0.0
2051,CHL,20,0.626942307,0.0
2051,ENE,21,0.474391255,0.0
2051,ENW,22,0.474391255,0.0
2051,EUE,23,0.628439665,0.0
2051,EUW,24,0.628439665,0.0
2051,EUM,25,0.628439665,0.0
2051,MEA,26,0.621411155,0.0
2051,MDA,27,0.621411155,0.0
2051,UK,28,0.658358443,0.0
2052,AFE,0,0.615832977,0.0
2052,AFN,1,0.615832977,0.0
2052,AFW,2,0.615832977,0.0
2052,AFZ,3,0.615832977,0.0
2052,NIG,4,0.615832977,0.0
2052,RUS,5,0.286079709,0.0
2052,ASC,6,0.649967334,0.0
2052,ASE,7,0.649967334,0.0
2052,CHN,8,0.501296658,1.34e-13
2052,IDN,9,0.649967334,0.0
2052,IND,10,0.566901633,0.0
2052,ASO,11,0.649967334,0.0
2052,JPN,12,0.63743226,0.0
2052,SKT,13,0.631254404,0.0
2052,ANZ,14,0.634381185,0.0
2052,USA,15,0.579129708,0.0
2052,CAN,16,0.626820084,0.0
2052,LAM,17,0.632738455,0.0
2052,BRA,18,0.632738455,0.0
2052,MEX,19,0.554873693,0.0
2052,CHL,20,0.632738455,0.0
2052,ENE,21,0.467622255,0.0
2052,ENW,22,0.467622255,0.0
2052,EUE,23,0.634346029,0.0
2052,EUW,24,0.634346029,0.0
2052,EUM,25,0.634346029,0.0
2052,MEA,26,0.629202622,0.0
2052,MDA,27,0.629202622,0.0
2052,UK,28,0.658197498,0.0
2053,AFE,0,0.623670825,0.0
2053,AFN,1,0.623670825,0.0
2053,AFW,2,0.623670825,0.0
2053,AFZ,3,0.623670825,0.0
2053,NIG,4,0.623670825,0.0
2053,RUS,5,0.29172592,0.0
2053,ASC,6,0.657836413,0.0
2053,ASE,7,0.657836413,0.0
2053,CHN,8,0.50191183,1.4e-13
2053,IDN,9,0.657836413,0.0
2053,IND,10,0.57432611,0.0
2053,ASO,11,0.657836413,0.0
2053,JPN,12,0.642727096,0.0
2053,SKT,13,0.635015137,0.0
2053,ANZ,14,0.639678581,0.0
2053,USA,15,0.56964521,0.0
2053,CAN,16,0.632122802,0.0
2053,LAM,17,0.638534603,0.0
2053,BRA,18,0.638534603,0.0
2053,MEX,19,0.548335112,0.0
2053,CHL,20,0.638534603,0.0
2053,ENE,21,0.460853255,0.0
2053,ENW,22,0.460853255,0.0
2053,EUE,23,0.640252393,0.0
2053,EUW,24,0.640252393,0.0
2053,EUM,25,0.640252393,0.0
2053,MEA,26,0.636994089,0.0
2053,MDA,27,0.636994089,0.0
2053,UK,28,0.658036553,0.0
2054,AFE,0,0.631508674,0.0
2054,AFN,1,0.631508674,0.0
2054,AFW,2,0.631508674,0.0
2054,AFZ,3,0.631508674,0.0
2054,NIG,4,0.631508674,0.0
2054,RUS,5,0.29737213,0.0
2054,ASC,6,0.665705493,0.0
2054,ASE,7,0.665705493,0.0
2054,CHN,8,0.502527001,1.47e-13
2054,IDN,9,0.665705493,0.0
2054,IND,10,0.581750586,0.0
2054,ASO,11,0.665705493,0.0
2054,JPN,12,0.648021932,0.0
2054,SKT,13,0.63877587,0.0
2054,ANZ,14,0.644975976,0.0
2054,USA,15,0.560160712,0.0
2054,CAN,16,0.637425521,0.0
2054,LAM,17,0.64433075,0.0
2054,BRA,18,0.64433075,0.0
2054,MEX,19,0.541796531,0.0
2054,CHL,20,0.64433075,0.0
2054,ENE,21,0.454084255,0.0
2054,ENW,22,0.454084255,0.0
2054,EUE,23,0.646158757,0.0
2054,EUW,24,0.646158757,0.0
2054,EUM,25,0.646158757,0.0
2054,MEA,26,0.644785555,0.0
2054,MDA,27,0.644785555,0.0
2054,UK,28,0.657875608,0.0
2055,AFE,0,0.639346522,0.0
2055,AFN,1,0.639346522,0.0
2055,AFW,2,0.639346522,0.0
2055,AFZ,3,0.639346522,0.0
2055,NIG,4,0.639346522,0.0
2055,RUS,5,0.303018341,0.0
2055,ASC,6,0.673574572,0.0
2055,ASE,7,0.673574572,0.0
2055,CHN,8,0.503142173,1.53e-13
2055,IDN,9,0.673574572,0.0
2055,IND,10,0.589175063,0.0
2055,ASO,11,0.673574572,0.0
2055,JPN,12,0.653316768,0.0
2055,SKT,13,0.642536603,0.0
2055,ANZ,14,0.650273372,0.0
2055,USA,15,0.550676214,0.0
2055,CAN,16,0.642728239,0.0
2055,LAM,17,0.650126898,0.0
2055,BRA,18,0.650126898,0.0
2055,MEX,19,0.53525795,0.0
2055,CHL,20,0.650126898,0.0
2055,ENE,21,0.447315255,0.0
2055,ENW,22,0.447315255,0.0
2055,EUE,23,0.652065121,0.0
2055,EUW,24,0.652065121,0.0
2055,EUM,25,0.652065121,0.0
2055,MEA,26,0.652577022,0.0
2055,MDA,27,0.652577022,0.0
2055,UK,28,0.657714664,0.0
2056,AFE,0,0.64718437,0.0
2056,AFN,1,0.64718437,0.0
2056,AFW,2,0.64718437,0.0
2056,AFZ,3,0.64718437,0.0
2056,NIG,4,0.64718437,0.0
2056,RUS,5,0.308664552,0.0
2056,ASC,6,0.681443652,0.0
2056,ASE,7,0.681443652,0.0
2056,CHN,8,0.503757344,1.59e-13
2056,IDN,9,0.681443652,0.0
2056,IND,10,0.59659954,0.0
2056,ASO,11,0.681443652,0.0
2056,JPN,12,0.658611604,0.0
2056,SKT,13,0.646297336,0.0
2056,ANZ,14,0.655570767,0.0
2056,USA,15,0.541191716,0.0
2056,CAN,16,0.648030957,0.0
2056,LAM,17,0.655923045,0.0
2056,BRA,18,0.655923045,0.0
2056,MEX,19,0.528719369,0.0
2056,CHL,20,0.655923045,0.0
2056,ENE,21,0.440546255,0.0
2056,ENW,22,0.440546255,0.0
2056,EUE,23,0.657971485,0.0
2056,EUW,24,0.657971485,0.0
2056,EUM,25,0.657971485,0.0
2056,MEA,26,0.660368489,0.0
2056,MDA,27,0.660368489,0.0
2056,UK,28,0.657553719,0.0
2057,AFE,0,0.655022218,0.0
2057,AFN,1,0.655022218,0.0
2057,AFW,2,0.655022218,0.0
2057,AFZ,3,0.655022218,0.0
2057,NIG,4,0.655022218,0.0
2057,RUS,5,0.314310763,0.0
2057,ASC,6,0.689312732,0.0
2057,ASE,7,0.689312732,0.0
2057,CHN,8,0.504372516,1.65e-13
2057,IDN,9,0.689312732,0.0
2057,IND,10,0.604024017,0.0
2057,ASO,11,0.689312732,0.0
2057,JPN,12,0.66390644,0.0
2057,SKT,13,0.650058069,0.0
2057,ANZ,14,0.660868163,0.0
2057,USA,15,0.531707218,0.0
2057,CAN,16,0.653333676,0.0
2057,LAM,17,0.661719193,0.0
2057,BRA,18,0.661719193,0.0
2057,MEX,19,0.522180788,0.0
2057,CHL,20,0.661719193,0.0
2057,ENE,21,0.433777256,0.0
2057,ENW,22,0.433777256,0.0
2057,EUE,23,0.663877849,0.0
2057,EUW,24,0.663877849,0.0
2057,EUM,25,0.663877849,0.0
2057,MEA,26,0.668159955,0.0
2057,MDA,27,0.668159955,0.0
2057,UK,28,0.657392774,0.0
2058,AFE,0,0.662860067,0.0
2058,AFN,1,0.662860067,0.0
2058,AFW,2,0.662860067,0.0
2058,AFZ,3,0.662860067,0.0
2058,NIG,4,0.662860067,0.0
2058,RUS,5,0.319956974,0.0
2058,ASC,6,0.697181811,0.0
2058,ASE,7,0.697181811,0.0
2058,CHN,8,0.504987687,1.72e-13
2058,IDN,9,0.697181811,0.0
2058,IND,10,0.611448494,0.0
2058,ASO,11,0.697181811,0.0
2058,JPN,12,0.669201276,0.0
2058,SKT,13,0.653818802,0.0
2058,ANZ,14,0.666165559,0.0
2058,USA,15,0.52222272,0.0
2058,CAN,16,0.658636394,0.0
2058,LAM,17,0.667515341,0.0
2058,BRA,18,0.667515341,0.0
2058,MEX,19,0.515642207,0.0
2058,CHL,20,0.667515341,0.0
2058,ENE,21,0.427008256,0.0
2058,ENW,22,0.427008256,0.0
2058,EUE,23,0.669784212,0.0
2058,EUW,24,0.669784212,0.0
2058,EUM,25,0.669784212,0.0
2058,MEA,26,0.675951422,0.0
2058,MDA,27,0.675951422,0.0
2058,UK,28,0.657231829,0.0
2059,AFE,0,0.670697915,0.0
2059,AFN,1,0.670697915,0.0
2059,AFW,2,0.670697915,0.0
2059,AFZ,3,0.670697915,0.0
2059,NIG,4,0.670697915,0.0
2059,RUS,5,0.325603185,0.0
2059,ASC,6,0.705050891,0.0
2059,ASE,7,0.705050891,0.0
2059,CHN,8,0.505602859,1.78e-13
2059,IDN,9,0.705050891,0.0
2059,IND,10,0.618872971,0.0
2059,ASO,11,0.705050891,0.0
2059,JPN,12,0.674496112,0.0
2059,SKT,13,0.657579535,0.0
2059,ANZ,14,0.671462954,0.0
2059,USA,15,0.512738222,0.0
2059,CAN,16,0.663939112,0.0
2059,LAM,17,0.673311488,0.0
2059,BRA,18,0.673311488,0.0
2059,MEX,19,0.509103627,0.0
2059,CHL,20,0.673311488,0.0
2059,ENE,21,0.420239256,0.0
2059,ENW,22,0.420239256,0.0
2059,EUE,23,0.675690576,0.0
2059,EUW,24,0.675690576,0.0
2059,EUM,25,0.675690576,0.0
2059,MEA,26,0.683742889,0.0
2059,MDA,27,0.683742889,0.0
2059,UK,28,0.657070885,0.0
2060,AFE,0,0.678535763,0.0
2060,AFN,1,0.678535763,0.0
2060,AFW,2,0.678535763,0.0
2060,AFZ,3,0.678535763,0.0
2060,NIG,4,0.678535763,0.0
2060,RUS,5,0.331249396,0.0
2060,ASC,6,0.712919971,0.0
2060,ASE,7,0.712919971,0.0
2060,CHN,8,0.50621803,1.84e-13
2060,IDN,9,0.712919971,0.0
2060,IND,10,0.626297448,0.0
2060,ASO,11,0.712919971,0.0
2060,JPN,12,0.679790947,0.0
2060,SKT,13,0.661340268,0.0
2060,ANZ,14,0.67676035,0.0
2060,USA,15,0.503253724,0.0
2060,CAN,16,0.66924183,0.0
2060,LAM,17,0.679107636,0.0
2060,BRA,18,0.679107636,0.0
2060,MEX,19,0.502565046,0.0
2060,CHL,20,0.679107636,0.0
2060,ENE,21,0.413470256,0.0
2060,ENW,22,0.413470256,0.0
2060,EUE,23,0.68159694,0.0
2060,EUW,24,0.68159694,0.0
2060,EUM,25,0.68159694,0.0
2060,MEA,26,0.691534355,0.0
2060,MDA,27,0.691534355,0.0
2060,UK,28,0.65690994,0.0
2061,AFE,0,0.686354947,0.0
2061,AFN,1,0.686354947,0.0
2061,AFW,2,0.686354947,0.0
2061,AFZ,3,0.686354947,0.0
2061,NIG,4,0.686354947,0.0
2061,RUS,5,0.333239873,0.0
2061,ASC,6,0.722572175,0.0
2061,ASE,7,0.722572175,0.0
2061,CHN,8,0.505809728,1.77e-13
2061,IDN,9,0.722572175,0.0
2061,IND,10,0.631962664,0.0
2061,ASO,11,0.722572175,0.0
2061,JPN,12,0.686263964,0.0
2061,SKT,13,0.666854223,0.0
2061,ANZ,14,0.682666783,0.0
2061,USA,15,0.508585369,0.0
2061,CAN,16,0.673400686,0.0
2061,LAM,17,0.685801774,0.0
2061,BRA,18,0.685801774,0.0
2061,MEX,19,0.504199163,0.0
2061,CHL,20,0.685801774,0.0
2061,ENE,21,0.421902998,0.0
2061,ENW,22,0.421902998,0.0
2061,EUE,23,0.686336604,0.0
2061,EUW,24,0.686336604,0.0
2061,EUM,25,0.686336604,0.0
2061,MEA,26,0.699430096,0.0
2061,MDA,27,0.699430096,0.0
2061,UK,28,0.662572474,0.0
2062,AFE,0,0.694174132,0.0
2062,AFN,1,0.694174132,0.0
2062,AFW,2,0.694174132,0.0
2062,AFZ,3,0.694174132,0.0
2062,NIG,4,0.694174132,0.0
2062,RUS,5,0.33523035,0.0
2062,ASC,6,0.73222438,0.0
2062,ASE,7,0.73222438,0.0
2062,CHN,8,0.505401426,1.7e-13
2062,IDN,9,0.73222438,0.0
2062,IND,10,0.637627881,0.0
2062,ASO,11,0.73222438,0.0
2062,JPN,12,0.692736981,0.0
2062,SKT,13,0.672368179,0.0
2062,ANZ,14,0.688573216,0.0
2062,USA,15,0.513917014,0.0
2062,CAN,16,0.677559541,0.0
2062,LAM,17,0.692495912,0.0
2062,BRA,18,0.692495912,0.0
2062,MEX,19,0.505833281,0.0
2062,CHL,20,0.692495912,0.0
2062,ENE,21,0.43033574,0.0
2062,ENW,22,0.43033574,0.0
2062,EUE,23,0.691076267,0.0
2062,EUW,24,0.691076267,0.0
2062,EUM,25,0.691076267,0.0
2062,MEA,26,0.707325836,0.0
2062,MDA,27,0.707325836,0.0
2062,UK,28,0.668235007,0.0
2063,AFE,0,0.701993316,0.0
2063,AFN,1,0.701993316,0.0
2063,AFW,2,0.701993316,0.0
2063,AFZ,3,0.701993316,0.0
2063,NIG,4,0.701993316,0.0
2063,RUS,5,0.337220827,0.0
2063,ASC,6,0.741876584,0.0
2063,ASE,7,0.741876584,0.0
2063,CHN,8,0.504993124,1.63e-13
2063,IDN,9,0.741876584,0.0
2063,IND,10,0.643293097,0.0
2063,ASO,11,0.741876584,0.0
2063,JPN,12,0.699209999,0.0
2063,SKT,13,0.677882134,0.0
2063,ANZ,14,0.694479649,0.0
2063,USA,15,0.51924866,0.0
2063,CAN,16,0.681718396,0.0
2063,LAM,17,0.69919005,0.0
2063,BRA,18,0.69919005,0.0
2063,MEX,19,0.507467399,0.0
2063,CHL,20,0.69919005,0.0
2063,ENE,21,0.438768482,0.0
2063,ENW,22,0.438768482,0.0
2063,EUE,23,0.695815931,0.0
2063,EUW,24,0.695815931,0.0
2063,EUM,25,0.695815931,0.0
2063,MEA,26,0.715221577,0.0
2063,MDA,27,0.715221577,0.0
2063,UK,28,0.673897541,0.0
2064,AFE,0,0.7098125,0.0
2064,AFN,1,0.7098125,0.0
2064,AFW,2,0.7098125,0.0
2064,AFZ,3,0.7098125,0.0
2064,NIG,4,0.7098125,0.0
2064,RUS,5,0.339211304,0.0
2064,ASC,6,0.751528788,0.0
2064,ASE,7,0.751528788,0.0
2064,CHN,8,0.504584822,1.55e-13
2064,IDN,9,0.751528788,0.0
2064,IND,10,0.648958314,0.0
2064,ASO,11,0.751528788,0.0
2064,JPN,12,0.705683016,0.0
2064,SKT,13,0.683396089,0.0
2064,ANZ,14,0.700386082,0.0
2064,USA,15,0.524580305,0.0
2064,CAN,16,0.685877251,0.0
2064,LAM,17,0.705884188,0.0
2064,BRA,18,0.705884188,0.0
2064,MEX,19,0.509101516,0.0
2064,CHL,20,0.705884188,0.0
2064,ENE,21,0.447201224,0.0
2064,ENW,22,0.447201224,0.0
2064,EUE,23,0.700555595,0.0
2064,EUW,24,0.700555595,0.0
2064,EUM,25,0.700555595,0.0
2064,MEA,26,0.723117317,0.0
2064,MDA,27,0.723117317,0.0
2064,UK,28,0.679560075,0.0
2065,AFE,0,0.717631685,0.0
2065,AFN,1,0.717631685,0.0
2065,AFW,2,0.717631685,0.0
2065,AFZ,3,0.717631685,0.0
2065,NIG,4,0.717631685,0.0
2065,RUS,5,0.341201781,0.0
2065,ASC,6,0.761180993,0.0
2065,ASE,7,0.761180993,0.0
2065,CHN,8,0.50417652,1.48e-13
2065,IDN,9,0.761180993,0.0
2065,IND,10,0.65462353,0.0
2065,ASO,11,0.761180993,0.0
2065,JPN,12,0.712156033,0.0
2065,SKT,13,0.688910045,0.0
2065,ANZ,14,0.706292515,0.0
2065,USA,15,0.52991195,0.0
2065,CAN,16,0.690036106,0.0
2065,LAM,17,0.712578326,0.0
2065,BRA,18,0.712578326,0.0
2065,MEX,19,0.510735634,0.0
2065,CHL,20,0.712578326,0.0
2065,ENE,21,0.455633966,0.0
2065,ENW,22,0.455633966,0.0
2065,EUE,23,0.705295258,0.0
2065,EUW,24,0.705295258,0.0
2065,EUM,25,0.705295258,0.0
2065,MEA,26,0.731013058,0.0
2065,MDA,27,0.731013058,0.0
2065,UK,28,0.685222609,0.0
2066,AFE,0,0.725450869,0.0
2066,AFN,1,0.725450869,0.0
2066,AFW,2,0.725450869,0.0
2066,AFZ,3,0.725450869,0.0
2066,NIG,4,0.725450869,0.0
2066,RUS,5,0.343192258,0.0
2066,ASC,6,0.770833197,0.0
2066,ASE,7,0.770833197,0.0
2066,CHN,8,0.503768217,1.41e-13
2066,IDN,9,0.770833197,0.0
2066,IND,10,0.660288747,0.0
2066,ASO,11,0.770833197,0.0
2066,JPN,12,0.71862905,0.0
2066,SKT,13,0.694424,0.0
2066,ANZ,14,0.712198948,0.0
2066,USA,15,0.535243596,0.0
2066,CAN,16,0.694194961,0.0
2066,LAM,17,0.719272464,0.0
2066,BRA,18,0.719272464,0.0
2066,MEX,19,0.512369752,0.0
2066,CHL,20,0.719272464,0.0
2066,ENE,21,0.464066708,0.0
2066,ENW,22,0.464066708,0.0
2066,EUE,23,0.710034922,0.0
2066,EUW,24,0.710034922,0.0
2066,EUM,25,0.710034922,0.0
2066,MEA,26,0.738908798,0.0
2066,MDA,27,0.738908798,0.0
2066,UK,28,0.690885143,0.0
2067,AFE,0,0.733270053,0.0
2067,AFN,1,0.733270053,0.0
2067,AFW,2,0.733270053,0.0
2067,AFZ,3,0.733270053,0.0
2067,NIG,4,0.733270053,0.0
2067,RUS,5,0.345182736,0.0
2067,ASC,6,0.780485402,0.0
2067,ASE,7,0.780485402,0.0
2067,CHN,8,0.503359915,1.34e-13
2067,IDN,9,0.780485402,0.0
2067,IND,10,0.665953963,0.0
2067,ASO,11,0.780485402,0.0
2067,JPN,12,0.725102067,0.0
2067,SKT,13,0.699937955,0.0
2067,ANZ,14,0.718105381,0.0
2067,USA,15,0.540575241,0.0
2067,CAN,16,0.698353816,0.0
2067,LAM,17,0.725966602,0.0
2067,BRA,18,0.725966602,0.0
2067,MEX,19,0.514003869,0.0
2067,CHL,20,0.725966602,0.0
2067,ENE,21,0.47249945,0.0
2067,ENW,22,0.47249945,0.0
2067,EUE,23,0.714774585,0.0
2067,EUW,24,0.714774585,0.0
2067,EUM,25,0.714774585,0.0
2067,MEA,26,0.746804539,0.0
2067,MDA,27,0.746804539,0.0
2067,UK,28,0.696547677,0.0
2068,AFE,0,0.741089238,0.0
2068,AFN,1,0.741089238,0.0
2068,AFW,2,0.741089238,0.0
2068,AFZ,3,0.741089238,0.0
2068,NIG,4,0.741089238,0.0
2068,RUS,5,0.347173213,0.0
2068,ASC,6,0.790137606,0.0
2068,ASE,7,0.790137606,0.0
2068,CHN,8,0.502951613,1.27e-13
2068,IDN,9,0.790137606,0.0
2068,IND,10,0.67161918,0.0
2068,ASO,11,0.790137606,0.0
2068,JPN,12,0.731575084,0.0
2068,SKT,13,0.705451911,0.0
2068,ANZ,14,0.724011814,0.0
2068,USA,15,0.545906886,0.0
2068,CAN,16,0.702512671,0.0
2068,LAM,17,0.73266074,0.0
2068,BRA,18,0.73266074,0.0
2068,MEX,19,0.515637987,0.0
2068,CHL,20,0.73266074,0.0
2068,ENE,21,0.480932192,0.0
2068,ENW,22,0.480932192,0.0
2068,EUE,23,0.719514249,0.0
2068,EUW,24,0.719514249,0.0
2068,EUM,25,0.719514249,0.0
2068,MEA,26,0.754700279,0.0
2068,MDA,27,0.754700279,0.0
2068,UK,28,0.70221021,0.0
2069,AFE,0,0.748908422,0.0
2069,AFN,1,0.748908422,0.0
2069,AFW,2,0.748908422,0.0
2069,AFZ,3,0.748908422,0.0
2069,NIG,4,0.748908422,0.0
2069,RUS,5,0.34916369,0.0
2069,ASC,6,0.79978981,0.0
2069,ASE,7,0.79978981,0.0
2069,CHN,8,0.502543311,1.2e-13
2069,IDN,9,0.79978981,0.0
2069,IND,10,0.677284396,0.0
2069,ASO,11,0.79978981,0.0
2069,JPN,12,0.738048101,0.0
2069,SKT,13,0.710965866,0.0
2069,ANZ,14,0.729918247,0.0
2069,USA,15,0.551238531,0.0
2069,CAN,16,0.706671527,0.0
2069,LAM,17,0.739354878,0.0
2069,BRA,18,0.739354878,0.0
2069,MEX,19,0.517272105,0.0
2069,CHL,20,0.739354878,0.0
2069,ENE,21,0.489364935,0.0
2069,ENW,22,0.489364935,0.0
2069,EUE,23,0.724253912,0.0
2069,EUW,24,0.724253912,0.0
2069,EUM,25,0.724253912,0.0
2069,MEA,26,0.76259602,0.0
2069,MDA,27,0.76259602,0.0
2069,UK,28,0.707872744,0.0
2070,AFE,0,0.756727606,0.0
2070,AFN,1,0.756727606,0.0
2070,AFW,2,0.756727606,0.0
2070,AFZ,3,0.756727606,0.0
2070,NIG,4,0.756727606,0.0
2070,RUS,5,0.351154167,0.0
2070,ASC,6,0.809442015,0.0
2070,ASE,7,0.809442015,0.0
2070,CHN,8,0.502135009,1.13e-13
2070,IDN,9,0.809442015,0.0
2070,IND,10,0.682949613,0.0
2070,ASO,11,0.809442015,0.0
2070,JPN,12,0.744521118,0.0
2070,SKT,13,0.716479822,0.0
2070,ANZ,14,0.735824679,0.0
2070,USA,15,0.556570177,0.0
2070,CAN,16,0.710830382,0.0
2070,LAM,17,0.746049016,0.0
2070,BRA,18,0.746049016,0.0
2070,MEX,19,0.518906222,0.0
2070,CHL,20,0.746049016,0.0
2070,ENE,21,0.497797677,0.0
2070,ENW,22,0.497797677,0.0
2070,EUE,23,0.728993576,0.0
2070,EUW,24,0.728993576,0.0
2070,EUM,25,0.728993576,0.0
2070,MEA,26,0.77049176,0.0
2070,MDA,27,0.77049176,0.0
2070,UK,28,0.713535278,0.0
2071,AFE,0,0.766048453,0.0
2071,AFN,1,0.766048453,0.0
2071,AFW,2,0.766048453,0.0
2071,AFZ,3,0.766048453,0.0
2071,NIG,4,0.766048453,0.0
2071,RUS,5,0.353251981,0.0
2071,ASC,6,0.814037871,0.0
2071,ASE,7,0.814037871,0.0
2071,CHN,8,0.509842845,1.18e-13
2071,IDN,9,0.814037871,0.0
2071,IND,10,0.68811662,0.0
2071,ASO,11,0.814037871,0.0
2071,JPN,12,0.751384959,0.0
2071,SKT,13,0.719330224,0.0
2071,ANZ,14,0.742376634,0.0
2071,USA,15,0.558611208,3.1e-15
2071,CAN,16,0.71509259,0.0
2071,LAM,17,0.753477126,0.0
2071,BRA,18,0.753477126,0.0
2071,MEX,19,0.528076693,0.0
2071,CHL,20,0.753477126,0.0
2071,ENE,21,0.494287379,0.0
2071,ENW,22,0.494287379,0.0
2071,EUE,23,0.732886905,0.0
2071,EUW,24,0.732886905,0.0
2071,EUM,25,0.732886905,0.0
2071,MEA,26,0.772873258,0.0
2071,MDA,27,0.772873258,0.0
2071,UK,28,0.716824815,0.0
2072,AFE,0,0.775369299,0.0
2072,AFN,1,0.775369299,0.0
2072,AFW,2,0.775369299,0.0
2072,AFZ,3,0.775369299,0.0
2072,NIG,4,0.775369299,0.0
2072,RUS,5,0.355349796,0.0
2072,ASC,6,0.818633727,0.0
2072,ASE,7,0.818633727,0.0
2072,CHN,8,0.51755068,1.22e-13
2072,IDN,9,0.818633727,0.0
2072,IND,10,0.693283626,0.0
2072,ASO,11,0.818633727,0.0
2072,JPN,12,0.7582488,0.0
2072,SKT,13,0.722180626,0.0
2072,ANZ,14,0.748928588,0.0
2072,USA,15,0.560652238,6.19e-15
2072,CAN,16,0.719354798,0.0
2072,LAM,17,0.760905235,0.0
2072,BRA,18,0.760905235,0.0
2072,MEX,19,0.537247163,0.0
2072,CHL,20,0.760905235,0.0
2072,ENE,21,0.490777081,0.0
2072,ENW,22,0.490777081,0.0
2072,EUE,23,0.736780234,0.0
2072,EUW,24,0.736780234,0.0
2072,EUM,25,0.736780234,0.0
2072,MEA,26,0.775254755,0.0
2072,MDA,27,0.775254755,0.0
2072,UK,28,0.720114352,0.0
2073,AFE,0,0.784690145,0.0
2073,AFN,1,0.784690145,0.0
2073,AFW,2,0.784690145,0.0
2073,AFZ,3,0.784690145,0.0
2073,NIG,4,0.784690145,0.0
2073,RUS,5,0.35744761,0.0
2073,ASC,6,0.823229583,0.0
2073,ASE,7,0.823229583,0.0
2073,CHN,8,0.525258516,1.27e-13
2073,IDN,9,0.823229583,0.0
2073,IND,10,0.698450633,0.0
2073,ASO,11,0.823229583,0.0
2073,JPN,12,0.765112641,0.0
2073,SKT,13,0.725031028,0.0
2073,ANZ,14,0.755480543,0.0
2073,USA,15,0.562693269,9.29e-15
2073,CAN,16,0.723617006,0.0
2073,LAM,17,0.768333345,0.0
2073,BRA,18,0.768333345,0.0
2073,MEX,19,0.546417634,0.0
2073,CHL,20,0.768333345,0.0
2073,ENE,21,0.487266783,0.0
2073,ENW,22,0.487266783,0.0
2073,EUE,23,0.740673562,0.0
2073,EUW,24,0.740673562,0.0
2073,EUM,25,0.740673562,0.0
2073,MEA,26,0.777636252,0.0
2073,MDA,27,0.777636252,0.0
2073,UK,28,0.723403889,0.0
2074,AFE,0,0.794010991,0.0
2074,AFN,1,0.794010991,0.0
2074,AFW,2,0.794010991,0.0
2074,AFZ,3,0.794010991,0.0
2074,NIG,4,0.794010991,0.0
2074,RUS,5,0.359545424,0.0
2074,ASC,6,0.827825439,0.0
2074,ASE,7,0.827825439,0.0
2074,CHN,8,0.532966352,1.32e-13
2074,IDN,9,0.827825439,0.0
2074,IND,10,0.70361764,0.0
2074,ASO,11,0.827825439,0.0
2074,JPN,12,0.771976482,0.0
2074,SKT,13,0.72788143,0.0
2074,ANZ,14,0.762032497,0.0
2074,USA,15,0.5647343,1.24e-14
2074,CAN,16,0.727879214,0.0
2074,LAM,17,0.775761454,0.0
2074,BRA,18,0.775761454,0.0
2074,MEX,19,0.555588105,0.0
2074,CHL,20,0.775761454,0.0
2074,ENE,21,0.483756486,0.0
2074,ENW,22,0.483756486,0.0
2074,EUE,23,0.744566891,0.0
2074,EUW,24,0.744566891,0.0
2074,EUM,25,0.744566891,0.0
2074,MEA,26,0.78001775,0.0
2074,MDA,27,0.78001775,0.0
2074,UK,28,0.726693426,0.0
2075,AFE,0,0.803331837,0.0
2075,AFN,1,0.803331837,0.0
2075,AFW,2,0.803331837,0.0
2075,AFZ,3,0.803331837,0.0
2075,NIG,4,0.803331837,0.0
2075,RUS,5,0.361643239,0.0
2075,ASC,6,0.832421295,0.0
2075,ASE,7,0.832421295,0.0
2075,CHN,8,0.540674187,1.37e-13
2075,IDN,9,0.832421295,0.0
2075,IND,10,0.708784647,0.0
2075,ASO,11,0.832421295,0.0
2075,JPN,12,0.778840323,0.0
2075,SKT,13,0.730731832,0.0
2075,ANZ,14,0.768584451,0.0
2075,USA,15,0.566775331,1.55e-14
2075,CAN,16,0.732141422,0.0
2075,LAM,17,0.783189564,0.0
2075,BRA,18,0.783189564,0.0
2075,MEX,19,0.564758575,0.0
2075,CHL,20,0.783189564,0.0
2075,ENE,21,0.480246188,0.0
2075,ENW,22,0.480246188,0.0
2075,EUE,23,0.74846022,0.0
2075,EUW,24,0.74846022,0.0
2075,EUM,25,0.74846022,0.0
2075,MEA,26,0.782399247,0.0
2075,MDA,27,0.782399247,0.0
2075,UK,28,0.729982963,0.0
2076,AFE,0,0.812652684,0.0
2076,AFN,1,0.812652684,0.0
2076,AFW,2,0.812652684,0.0
2076,AFZ,3,0.812652684,0.0
2076,NIG,4,0.812652684,0.0
2076,RUS,5,0.363741053,0.0
2076,ASC,6,0.837017151,0.0
2076,ASE,7,0.837017151,0.0
2076,CHN,8,0.548382023,1.42e-13
2076,IDN,9,0.837017151,0.0
2076,IND,10,0.713951654,0.0
2076,ASO,11,0.837017151,0.0
2076,JPN,12,0.785704164,0.0
2076,SKT,13,0.733582235,0.0
2076,ANZ,14,0.775136406,0.0
2076,USA,15,0.568816362,1.86e-14
2076,CAN,16,0.73640363,0.0
2076,LAM,17,0.790617673,0.0
2076,BRA,18,0.790617673,0.0
2076,MEX,19,0.573929046,0.0
2076,CHL,20,0.790617673,0.0
2076,ENE,21,0.47673589,0.0
2076,ENW,22,0.47673589,0.0
2076,EUE,23,0.752353549,0.0
2076,EUW,24,0.752353549,0.0
2076,EUM,25,0.752353549,0.0
2076,MEA,26,0.784780744,0.0
2076,MDA,27,0.784780744,0.0
2076,UK,28,0.7332725,0.0
2077,AFE,0,0.82197353,0.0
2077,AFN,1,0.82197353,0.0
2077,AFW,2,0.82197353,0.0
2077,AFZ,3,0.82197353,0.0
2077,NIG,4,0.82197353,0.0
2077,RUS,5,0.365838868,0.0
2077,ASC,6,0.841613007,0.0
2077,ASE,7,0.841613007,0.0
2077,CHN,8,0.556089859,1.47e-13
2077,IDN,9,0.841613007,0.0
2077,IND,10,0.719118661,0.0
2077,ASO,11,0.841613007,0.0
2077,JPN,12,0.792568005,0.0
2077,SKT,13,0.736432637,0.0
2077,ANZ,14,0.78168836,0.0
2077,USA,15,0.570857393,2.17e-14
2077,CAN,16,0.740665838,0.0
2077,LAM,17,0.798045783,0.0
2077,BRA,18,0.798045783,0.0
2077,MEX,19,0.583099516,0.0
2077,CHL,20,0.798045783,0.0
2077,ENE,21,0.473225593,0.0
2077,ENW,22,0.473225593,0.0
2077,EUE,23,0.756246878,0.0
2077,EUW,24,0.756246878,0.0
2077,EUM,25,0.756246878,0.0
2077,MEA,26,0.787162242,0.0
2077,MDA,27,0.787162242,0.0
2077,UK,28,0.736562038,0.0
2078,AFE,0,0.831294376,0.0
2078,AFN,1,0.831294376,0.0
2078,AFW,2,0.831294376,0.0
2078,AFZ,3,0.831294376,0.0
2078,NIG,4,0.831294376,0.0
2078,RUS,5,0.367936682,0.0
2078,ASC,6,0.846208864,0.0
2078,ASE,7,0.846208864,0.0
2078,CHN,8,0.563797694,1.52e-13
2078,IDN,9,0.846208864,0.0
2078,IND,10,0.724285668,0.0
2078,ASO,11,0.846208864,0.0
2078,JPN,12,0.799431846,0.0
2078,SKT,13,0.739283039,0.0
2078,ANZ,14,0.788240315,0.0
2078,USA,15,0.572898424,2.48e-14
2078,CAN,16,0.744928046,0.0
2078,LAM,17,0.805473893,0.0
2078,BRA,18,0.805473893,0.0
2078,MEX,19,0.592269987,0.0
2078,CHL,20,0.805473893,0.0
2078,ENE,21,0.469715295,0.0
2078,ENW,22,0.469715295,0.0
2078,EUE,23,0.760140207,0.0
2078,EUW,24,0.760140207,0.0
2078,EUM,25,0.760140207,0.0
2078,MEA,26,0.789543739,0.0
2078,MDA,27,0.789543739,0.0
2078,UK,28,0.739851575,0.0
2079,AFE,0,0.840615222,0.0
2079,AFN,1,0.840615222,0.0
2079,AFW,2,0.840615222,0.0
2079,AFZ,3,0.840615222,0.0
2079,NIG,4,0.840615222,0.0
2079,RUS,5,0.370034496,0.0
2079,ASC,6,0.85080472,0.0
2079,ASE,7,0.85080472,0.0
2079,CHN,8,0.57150553,1.57e-13
2079,IDN,9,0.85080472,0.0
2079,IND,10,0.729452675,0.0
2079,ASO,11,0.85080472,0.0
2079,JPN,12,0.806295687,0.0
2079,SKT,13,0.742133441,0.0
2079,ANZ,14,0.794792269,0.0
2079,USA,15,0.574939455,2.79e-14
2079,CAN,16,0.749190254,0.0
2079,LAM,17,0.812902002,0.0
2079,BRA,18,0.812902002,0.0
2079,MEX,19,0.601440458,0.0
2079,CHL,20,0.812902002,0.0
2079,ENE,21,0.466204997,0.0
2079,ENW,22,0.466204997,0.0
2079,EUE,23,0.764033535,0.0
2079,EUW,24,0.764033535,0.0
2079,EUM,25,0.764033535,0.0
2079,MEA,26,0.791925236,0.0
2079,MDA,27,0.791925236,0.0
2079,UK,28,0.743141112,0.0
2080,AFE,0,0.849936068,0.0
2080,AFN,1,0.849936068,0.0
2080,AFW,2,0.849936068,0.0
2080,AFZ,3,0.849936068,0.0
2080,NIG,4,0.849936068,0.0
2080,RUS,5,0.372132311,0.0
2080,ASC,6,0.855400576,0.0
2080,ASE,7,0.855400576,0.0
2080,CHN,8,0.579213366,1.62e-13
2080,IDN,9,0.855400576,0.0
2080,IND,10,0.734619681,0.0
2080,ASO,11,0.855400576,0.0
2080,JPN,12,0.813159529,0.0
2080,SKT,13,0.744983843,0.0
2080,ANZ,14,0.801344223,0.0
2080,USA,15,0.576980486,3.1e-14
2080,CAN,16,0.753452462,0.0
2080,LAM,17,0.820330112,0.0
2080,BRA,18,0.820330112,0.0
2080,MEX,19,0.610610928,0.0
2080,CHL,20,0.820330112,0.0
2080,ENE,21,0.462694699,0.0
2080,ENW,22,0.462694699,0.0
2080,EUE,23,0.767926864,0.0
2080,EUW,24,0.767926864,0.0
2080,EUM,25,0.767926864,0.0
2080,MEA,26,0.794306733,0.0
2080,MDA,27,0.794306733,0.0
2080,UK,28,0.746430649,0.0
2081,AFE,0,0.856788993,0.0
2081,AFN,1,0.856788993,0.0
2081,AFW,2,0.856788993,0.0
2081,AFZ,3,0.856788993,0.0
2081,NIG,4,0.856788993,0.0
2081,RUS,5,0.374565605,0.0
2081,ASC,6,0.858409803,7.84e-16
2081,ASE,7,0.858409803,7.84e-16
2081,CHN,8,0.588854052,1.66e-13
2081,IDN,9,0.858409803,7.84e-16
2081,IND,10,0.740400763,0.0
2081,ASO,11,0.858409803,7.84e-16
2081,JPN,12,0.817390988,0.0
2081,SKT,13,0.752053509,0.0
2081,ANZ,14,0.807972045,0.0
2081,USA,15,0.57600491,3.82e-14
2081,CAN,16,0.760947947,0.0
2081,LAM,17,0.824957203,0.0
2081,BRA,18,0.824957203,0.0
2081,MEX,19,0.600172068,0.0
2081,CHL,20,0.824957203,0.0
2081,ENE,21,0.461033253,0.0
2081,ENW,22,0.461033253,0.0
2081,EUE,23,0.771885542,0.0
2081,EUW,24,0.771885542,0.0
2081,EUM,25,0.771885542,0.0
2081,MEA,26,0.799204622,0.0
2081,MDA,27,0.799204622,0.0
2081,UK,28,0.750913326,0.0
2082,AFE,0,0.863641917,0.0
2082,AFN,1,0.863641917,0.0
2082,AFW,2,0.863641917,0.0
2082,AFZ,3,0.863641917,0.0
2082,NIG,4,0.863641917,0.0
2082,RUS,5,0.3769989,0.0
2082,ASC,6,0.86141903,1.57e-15
2082,ASE,7,0.86141903,1.57e-15
2082,CHN,8,0.598494739,1.7e-13
2082,IDN,9,0.86141903,1.57e-15
2082,IND,10,0.746181844,0.0
2082,ASO,11,0.86141903,1.57e-15
2082,JPN,12,0.821622447,0.0
2082,SKT,13,0.759123175,0.0
2082,ANZ,14,0.814599866,0.0
2082,USA,15,0.575029334,4.54e-14
2082,CAN,16,0.768443432,0.0
2082,LAM,17,0.829584295,0.0
2082,BRA,18,0.829584295,0.0
2082,MEX,19,0.589733208,0.0
2082,CHL,20,0.829584295,0.0
2082,ENE,21,0.459371806,0.0
2082,ENW,22,0.459371806,0.0
2082,EUE,23,0.77584422,0.0
2082,EUW,24,0.77584422,0.0
2082,EUM,25,0.77584422,0.0
2082,MEA,26,0.80410251,0.0
2082,MDA,27,0.80410251,0.0
2082,UK,28,0.755396004,0.0
2083,AFE,0,0.870494842,0.0
2083,AFN,1,0.870494842,0.0
2083,AFW,2,0.870494842,0.0
2083,AFZ,3,0.870494842,0.0
2083,NIG,4,0.870494842,0.0
2083,RUS,5,0.379432195,0.0
2083,ASC,6,0.864428257,2.35e-15
2083,ASE,7,0.864428257,2.35e-15
2083,CHN,8,0.608135425,1.74e-13
2083,IDN,9,0.864428257,2.35e-15
2083,IND,10,0.751962925,0.0
2083,ASO,11,0.864428257,2.35e-15
2083,JPN,12,0.825853907,0.0
2083,SKT,13,0.766192841,0.0
2083,ANZ,14,0.821227687,0.0
2083,USA,15,0.574053758,5.26e-14
2083,CAN,16,0.775938917,0.0
2083,LAM,17,0.834211387,0.0
2083,BRA,18,0.834211387,0.0
2083,MEX,19,0.579294348,0.0
2083,CHL,20,0.834211387,0.0
2083,ENE,21,0.45771036,0.0
2083,ENW,22,0.45771036,0.0
2083,EUE,23,0.779802898,0.0
2083,EUW,24,0.779802898,0.0
2083,EUM,25,0.779802898,0.0
2083,MEA,26,0.809000399,0.0
2083,MDA,27,0.809000399,0.0
2083,UK,28,0.759878681,0.0
2084,AFE,0,0.877347767,0.0
2084,AFN,1,0.877347767,0.0
2084,AFW,2,0.877347767,0.0
2084,AFZ,3,0.877347767,0.0
2084,NIG,4,0.877347767,0.0
2084,RUS,5,0.38186549,0.0
2084,ASC,6,0.867437485,3.14e-15
2084,ASE,7,0.867437485,3.14e-15
2084,CHN,8,0.617776112,1.78e-13
2084,IDN,9,0.867437485,3.14e-15
2084,IND,10,0.757744006,0.0
2084,ASO,11,0.867437485,3.14e-15
2084,JPN,12,0.830085366,0.0
2084,SKT,13,0.773262507,0.0
2084,ANZ,14,0.827855508,0.0
2084,USA,15,0.573078182,5.98e-14
2084,CAN,16,0.783434402,0.0
2084,LAM,17,0.838838479,0.0
2084,BRA,18,0.838838479,0.0
2084,MEX,19,0.568855488,0.0
2084,CHL,20,0.838838479,0.0
2084,ENE,21,0.456048913,0.0
2084,ENW,22,0.456048913,0.0
2084,EUE,23,0.783761576,0.0
2084,EUW,24,0.783761576,0.0
2084,EUM,25,0.783761576,0.0
2084,MEA,26,0.813898287,0.0
2084,MDA,27,0.813898287,0.0
2084,UK,28,0.764361359,0.0
2085,AFE,0,0.884200691,0.0
2085,AFN,1,0.884200691,0.0
2085,AFW,2,0.884200691,0.0
2085,AFZ,3,0.884200691,0.0
2085,NIG,4,0.884200691,0.0
2085,RUS,5,0.384298784,0.0
2085,ASC,6,0.870446712,3.92e-15
2085,ASE,7,0.870446712,3.92e-15
2085,CHN,8,0.627416798,1.83e-13
2085,IDN,9,0.870446712,3.92e-15
2085,IND,10,0.763525088,0.0
2085,ASO,11,0.870446712,3.92e-15
2085,JPN,12,0.834316825,0.0
2085,SKT,13,0.780332173,0.0
2085,ANZ,14,0.83448333,0.0
2085,USA,15,0.572102606,6.7e-14
2085,CAN,16,0.790929887,0.0
2085,LAM,17,0.84346557,0.0
2085,BRA,18,0.84346557,0.0
2085,MEX,19,0.558416628,0.0
2085,CHL,20,0.84346557,0.0
2085,ENE,21,0.454387466,0.0
2085,ENW,22,0.454387466,0.0
2085,EUE,23,0.787720254,0.0
2085,EUW,24,0.787720254,0.0
2085,EUM,25,0.787720254,0.0
2085,MEA,26,0.818796176,0.0
2085,MDA,27,0.818796176,0.0
2085,UK,28,0.768844036,0.0
2086,AFE,0,0.891053616,0.0
2086,AFN,1,0.891053616,0.0
2086,AFW,2,0.891053616,0.0
2086,AFZ,3,0.891053616,0.0
2086,NIG,4,0.891053616,0.0
2086,RUS,5,0.386732079,0.0
2086,ASC,6,0.873455939,4.7e-15
2086,ASE,7,0.873455939,4.7e-15
2086,CHN,8,0.637057484,1.87e-13
2086,IDN,9,0.873455939,4.7e-15
2086,IND,10,0.769306169,0.0
2086,ASO,11,0.873455939,4.7e-15
2086,JPN,12,0.838548285,0.0
2086,SKT,13,0.787401839,0.0
2086,ANZ,14,0.841111151,0.0
2086,USA,15,0.57112703,7.42e-14
2086,CAN,16,0.798425373,0.0
2086,LAM,17,0.848092662,0.0
2086,BRA,18,0.848092662,0.0
2086,MEX,19,0.547977768,0.0
2086,CHL,20,0.848092662,0.0
2086,ENE,21,0.45272602,0.0
2086,ENW,22,0.45272602,0.0
2086,EUE,23,0.791678932,0.0
2086,EUW,24,0.791678932,0.0
2086,EUM,25,0.791678932,0.0
2086,MEA,26,0.823694064,0.0
2086,MDA,27,0.823694064,0.0
2086,UK,28,0.773326714,0.0
2087,AFE,0,0.89790654,0.0
2087,AFN,1,0.89790654,0.0
2087,AFW,2,0.89790654,0.0
2087,AFZ,3,0.89790654,0.0
2087,NIG,4,0.89790654,0.0
2087,RUS,5,0.389165374,0.0
2087,ASC,6,0.876465166,5.49e-15
2087,ASE,7,0.876465166,5.49e-15
2087,CHN,8,0.646698171,1.91e-13
2087,IDN,9,0.876465166,5.49e-15
2087,IND,10,0.77508725,0.0
2087,ASO,11,0.876465166,5.49e-15
2087,JPN,12,0.842779744,0.0
2087,SKT,13,0.794471504,0.0
2087,ANZ,14,0.847738972,0.0
2087,USA,15,0.570151454,8.14e-14
2087,CAN,16,0.805920858,0.0
2087,LAM,17,0.852719754,0.0
2087,BRA,18,0.852719754,0.0
2087,MEX,19,0.537538908,0.0
2087,CHL,20,0.852719754,0.0
2087,ENE,21,0.451064573,0.0
2087,ENW,22,0.451064573,0.0
2087,EUE,23,0.79563761,0.0
2087,EUW,24,0.79563761,0.0
2087,EUM,25,0.79563761,0.0
2087,MEA,26,0.828591953,0.0
2087,MDA,27,0.828591953,0.0
2087,UK,28,0.777809391,0.0
2088,AFE,0,0.904759465,0.0
2088,AFN,1,0.904759465,0.0
2088,AFW,2,0.904759465,0.0
2088,AFZ,3,0.904759465,0.0
2088,NIG,4,0.904759465,0.0
2088,RUS,5,0.391598668,0.0
2088,ASC,6,0.879474393,6.27e-15
2088,ASE,7,0.879474393,6.27e-15
2088,CHN,8,0.656338857,1.95e-13
2088,IDN,9,0.879474393,6.27e-15
2088,IND,10,0.780868331,0.0
2088,ASO,11,0.879474393,6.27e-15
2088,JPN,12,0.847011203,0.0
2088,SKT,13,0.80154117,0.0
2088,ANZ,14,0.854366793,0.0
2088,USA,15,0.569175878,8.86e-14
2088,CAN,16,0.813416343,0.0
2088,LAM,17,0.857346846,0.0
2088,BRA,18,0.857346846,0.0
2088,MEX,19,0.527100047,0.0
2088,CHL,20,0.857346846,0.0
2088,ENE,21,0.449403126,0.0
2088,ENW,22,0.449403126,0.0
2088,EUE,23,0.799596288,0.0
2088,EUW,24,0.799596288,0.0
2088,EUM,25,0.799596288,0.0
2088,MEA,26,0.833489841,0.0
2088,MDA,27,0.833489841,0.0
2088,UK,28,0.782292069,0.0
2089,AFE,0,0.911612389,0.0
2089,AFN,1,0.911612389,0.0
2089,AFW,2,0.911612389,0.0
2089,AFZ,3,0.911612389,0.0
2089,NIG,4,0.911612389,0.0
2089,RUS,5,0.394031963,0.0
2089,ASC,6,0.882483621,7.06e-15
2089,ASE,7,0.882483621,7.06e-15
2089,CHN,8,0.665979544,1.99e-13
2089,IDN,9,0.882483621,7.06e-15
2089,IND,10,0.786649412,0.0
2089,ASO,11,0.882483621,7.06e-15
2089,JPN,12,0.851242663,0.0
2089,SKT,13,0.808610836,0.0
2089,ANZ,14,0.860994615,0.0
2089,USA,15,0.568200302,9.58e-14
2089,CAN,16,0.820911828,0.0
2089,LAM,17,0.861973937,0.0
2089,BRA,18,0.861973937,0.0
2089,MEX,19,0.516661187,0.0
2089,CHL,20,0.861973937,0.0
2089,ENE,21,0.44774168,0.0
2089,ENW,22,0.44774168,0.0
2089,EUE,23,0.803554966,0.0
2089,EUW,24,0.803554966,0.0
2089,EUM,25,0.803554966,0.0
2089,MEA,26,0.838387729,0.0
2089,MDA,27,0.838387729,0.0
2089,UK,28,0.786774746,0.0
2090,AFE,0,0.918465314,0.0
2090,AFN,1,0.918465314,0.0
2090,AFW,2,0.918465314,0.0
2090,AFZ,3,0.918465314,0.0
2090,NIG,4,0.918465314,0.0
2090,RUS,5,0.396465258,0.0
2090,ASC,6,0.885492848,7.84e-15
2090,ASE,7,0.885492848,7.84e-15
2090,CHN,8,0.67562023,2.03e-13
2090,IDN,9,0.885492848,7.84e-15
2090,IND,10,0.792430494,0.0
2090,ASO,11,0.885492848,7.84e-15
2090,JPN,12,0.855474122,0.0
2090,SKT,13,0.815680502,0.0
2090,ANZ,14,0.867622436,0.0
2090,USA,15,0.567224726,1.03e-13
2090,CAN,16,0.828407313,0.0
2090,LAM,17,0.866601029,0.0
2090,BRA,18,0.866601029,0.0
2090,MEX,19,0.506222327,0.0
2090,CHL,20,0.866601029,0.0
2090,ENE,21,0.446080233,0.0
2090,ENW,22,0.446080233,0.0
2090,EUE,23,0.807513644,0.0
2090,EUW,24,0.807513644,0.0
2090,EUM,25,0.807513644,0.0
2090,MEA,26,0.843285618,0.0
2090,MDA,27,0.843285618,0.0
2090,UK,28,0.791257424,0.0
2091,AFE,0,0.922584783,0.0
2091,AFN,1,0.922584783,0.0
2091,AFW,2,0.922584783,0.0
2091,AFZ,3,0.922584783,0.0
2091,NIG,4,0.922584783,0.0
2091,RUS,5,0.396956294,0.0
2091,ASC,6,0.886944082,1.45e-14
2091,ASE,7,0.886944082,1.45e-14
2091,CHN,8,0.681651654,2.1e-13
2091,IDN,9,0.886944082,1.45e-14
2091,IND,10,0.794439279,0.0
2091,ASO,11,0.886944082,1.45e-14
2091,JPN,12,0.860329299,0.0
2091,SKT,13,0.815918087,0.0
2091,ANZ,14,0.872061339,0.0
2091,USA,15,0.570518319,1.12e-13
2091,CAN,16,0.828197338,0.0
2091,LAM,17,0.869194252,0.0
2091,BRA,18,0.869194252,0.0
2091,MEX,19,0.513755591,0.0
2091,CHL,20,0.869194252,0.0
2091,ENE,21,0.451343295,0.0
2091,ENW,22,0.451343295,0.0
2091,EUE,23,0.811949287,0.0
2091,EUW,24,0.811949287,0.0
2091,EUM,25,0.811949287,0.0
2091,MEA,26,0.847568907,0.0
2091,MDA,27,0.847568907,0.0
2091,UK,28,0.793991885,0.0
2092,AFE,0,0.926704253,0.0
2092,AFN,1,0.926704253,0.0
2092,AFW,2,0.926704253,0.0
2092,AFZ,3,0.926704253,0.0
2092,NIG,4,0.926704253,0.0
2092,RUS,5,0.397447331,0.0
2092,ASC,6,0.888395315,2.11e-14
2092,ASE,7,0.888395315,2.11e-14
2092,CHN,8,0.687683077,2.18e-13
2092,IDN,9,0.888395315,2.11e-14
2092,IND,10,0.796448065,0.0
2092,ASO,11,0.888395315,2.11e-14
2092,JPN,12,0.865184477,0.0
2092,SKT,13,0.816155673,0.0
2092,ANZ,14,0.876500242,0.0
2092,USA,15,0.573811912,1.21e-13
2092,CAN,16,0.827987362,0.0
2092,LAM,17,0.871787475,0.0
2092,BRA,18,0.871787475,0.0
2092,MEX,19,0.521288854,0.0
2092,CHL,20,0.871787475,0.0
2092,ENE,21,0.456606357,0.0
2092,ENW,22,0.456606357,0.0
2092,EUE,23,0.81638493,0.0
2092,EUW,24,0.81638493,0.0
2092,EUM,25,0.81638493,0.0
2092,MEA,26,0.851852197,0.0
2092,MDA,27,0.851852197,0.0
2092,UK,28,0.796726345,0.0
2093,AFE,0,0.930823723,0.0
2093,AFN,1,0.930823723,0.0
2093,AFW,2,0.930823723,0.0
2093,AFZ,3,0.930823723,0.0
2093,NIG,4,0.930823723,0.0
2093,RUS,5,0.397938367,0.0
2093,ASC,6,0.889846549,2.78e-14
2093,ASE,7,0.889846549,2.78e-14
2093,CHN,8,0.6937145,2.25e-13
2093,IDN,9,0.889846549,2.78e-14
2093,IND,10,0.798456851,0.0
2093,ASO,11,0.889846549,2.78e-14
2093,JPN,12,0.870039654,0.0
2093,SKT,13,0.816393258,0.0
2093,ANZ,14,0.880939145,0.0
2093,USA,15,0.577105505,1.3e-13
2093,CAN,16,0.827777387,0.0
2093,LAM,17,0.874380698,0.0
2093,BRA,18,0.874380698,0.0
2093,MEX,19,0.528822118,0.0
2093,CHL,20,0.874380698,0.0
2093,ENE,21,0.46186942,0.0
2093,ENW,22,0.46186942,0.0
2093,EUE,23,0.820820573,0.0
2093,EUW,24,0.820820573,0.0
2093,EUM,25,0.820820573,0.0
2093,MEA,26,0.856135487,0.0
2093,MDA,27,0.856135487,0.0
2093,UK,28,0.799460806,0.0
2094,AFE,0,0.934943192,0.0
2094,AFN,1,0.934943192,0.0
2094,AFW,2,0.934943192,0.0
2094,AFZ,3,0.934943192,0.0
2094,NIG,4,0.934943192,0.0
2094,RUS,5,0.398429404,0.0
2094,ASC,6,0.891297783,3.44e-14
2094,ASE,7,0.891297783,3.44e-14
2094,CHN,8,0.699745924,2.32e-13
2094,IDN,9,0.891297783,3.44e-14
2094,IND,10,0.800465637,0.0
2094,ASO,11,0.891297783,3.44e-14
2094,JPN,12,0.874894831,0.0
2094,SKT,13,0.816630844,0.0
2094,ANZ,14,0.885378049,0.0
2094,USA,15,0.580399098,1.39e-13
2094,CAN,16,0.827567412,0.0
2094,LAM,17,0.876973921,0.0
2094,BRA,18,0.876973921,0.0
2094,MEX,19,0.536355381,0.0
2094,CHL,20,0.876973921,0.0
2094,ENE,21,0.467132482,0.0
2094,ENW,22,0.467132482,0.0
2094,EUE,23,0.825256216,0.0
2094,EUW,24,0.825256216,0.0
2094,EUM,25,0.825256216,0.0
2094,MEA,26,0.860418776,0.0
2094,MDA,27,0.860418776,0.0
2094,UK,28,0.802195267,0.0
2095,AFE,0,0.939062662,0.0
2095,AFN,1,0.939062662,0.0
2095,AFW,2,0.939062662,0.0
2095,AFZ,3,0.939062662,0.0
2095,NIG,4,0.939062662,0.0
2095,RUS,5,0.398920441,0.0
2095,ASC,6,0.892749017,4.11e-14
2095,ASE,7,0.892749017,4.11e-14
2095,CHN,8,0.705777347,2.39e-13
2095,IDN,9,0.892749017,4.11e-14
2095,IND,10,0.802474422,0.0
2095,ASO,11,0.892749017,4.11e-14
2095,JPN,12,0.879750008,0.0
2095,SKT,13,0.816868429,0.0
2095,ANZ,14,0.889816952,0.0
2095,USA,15,0.583692691,1.48e-13
2095,CAN,16,0.827357436,0.0
2095,LAM,17,0.879567144,0.0
2095,BRA,18,0.879567144,0.0
2095,MEX,19,0.543888645,0.0
2095,CHL,20,0.879567144,0.0
2095,ENE,21,0.472395544,0.0
2095,ENW,22,0.472395544,0.0
2095,EUE,23,0.829691859,0.0
2095,EUW,24,0.829691859,0.0
2095,EUM,25,0.829691859,0.0
2095,MEA,26,0.864702066,0.0
2095,MDA,27,0.864702066,0.0
2095,UK,28,0.804929727,0.0
2096,AFE,0,0.943182131,0.0
2096,AFN,1,0.943182131,0.0
2096,AFW,2,0.943182131,0.0
2096,AFZ,3,0.943182131,0.0
2096,NIG,4,0.943182131,0.0
2096,RUS,5,0.399411477,0.0
2096,ASC,6,0.894200251,4.77e-14
2096,ASE,7,0.894200251,4.77e-14
2096,CHN,8,0.71180877,2.47e-13
2096,IDN,9,0.894200251,4.77e-14
2096,IND,10,0.804483208,0.0
2096,ASO,11,0.894200251,4.77e-14
2096,JPN,12,0.884605186,0.0
2096,SKT,13,0.817106015,0.0
2096,ANZ,14,0.894255855,0.0
2096,USA,15,0.586986284,1.57e-13
2096,CAN,16,0.827147461,0.0
2096,LAM,17,0.882160367,0.0
2096,BRA,18,0.882160367,0.0
2096,MEX,19,0.551421908,0.0
2096,CHL,20,0.882160367,0.0
2096,ENE,21,0.477658606,0.0
2096,ENW,22,0.477658606,0.0
2096,EUE,23,0.834127502,0.0
2096,EUW,24,0.834127502,0.0
2096,EUM,25,0.834127502,0.0
2096,MEA,26,0.868985355,0.0
2096,MDA,27,0.868985355,0.0
2096,UK,28,0.807664188,0.0
2097,AFE,0,0.947301601,0.0
2097,AFN,1,0.947301601,0.0
2097,AFW,2,0.947301601,0.0
2097,AFZ,3,0.947301601,0.0
2097,NIG,4,0.947301601,0.0
2097,RUS,5,0.399902514,0.0
2097,ASC,6,0.895651485,5.44e-14
2097,ASE,7,0.895651485,5.44e-14
2097,CHN,8,0.717840194,2.54e-13
2097,IDN,9,0.895651485,5.44e-14
2097,IND,10,0.806491994,0.0
2097,ASO,11,0.895651485,5.44e-14
2097,JPN,12,0.889460363,0.0
2097,SKT,13,0.8173436,0.0
2097,ANZ,14,0.898694758,0.0
2097,USA,15,0.590279877,1.66e-13
2097,CAN,16,0.826937486,0.0
2097,LAM,17,0.88475359,0.0
2097,BRA,18,0.88475359,0.0
2097,MEX,19,0.558955172,0.0
2097,CHL,20,0.88475359,0.0
2097,ENE,21,0.482921668,0.0
2097,ENW,22,0.482921668,0.0
2097,EUE,23,0.838563145,0.0
2097,EUW,24,0.838563145,0.0
2097,EUM,25,0.838563145,0.0
2097,MEA,26,0.873268645,0.0
2097,MDA,27,0.873268645,0.0
2097,UK,28,0.810398649,0.0
2098,AFE,0,0.95142107,0.0
2098,AFN,1,0.95142107,0.0
2098,AFW,2,0.95142107,0.0
2098,AFZ,3,0.95142107,0.0
2098,NIG,4,0.95142107,0.0
2098,RUS,5,0.40039355,0.0
2098,ASC,6,0.897102718,6.1e-14
2098,ASE,7,0.897102718,6.1e-14
2098,CHN,8,0.723871617,2.61e-13
2098,IDN,9,0.897102718,6.1e-14
2098,IND,10,0.80850078,0.0
2098,ASO,11,0.897102718,6.1e-14
2098,JPN,12,0.89431554,0.0
2098,SKT,13,0.817581186,0.0
2098,ANZ,14,0.903133661,0.0
2098,USA,15,0.59357347,1.76e-13
2098,CAN,16,0.82672751,0.0
2098,LAM,17,0.887346813,0.0
2098,BRA,18,0.887346813,0.0
2098,MEX,19,0.566488435,0.0
2098,CHL,20,0.887346813,0.0
2098,ENE,21,0.48818473,0.0
2098,ENW,22,0.48818473,0.0
2098,EUE,23,0.842998788,0.0
2098,EUW,24,0.842998788,0.0
2098,EUM,25,0.842998788,0.0
2098,MEA,26,0.877551934,0.0
2098,MDA,27,0.877551934,0.0
2098,UK,28,0.81313311,0.0
2099,AFE,0,0.95554054,0.0
2099,AFN,1,0.95554054,0.0
2099,AFW,2,0.95554054,0.0
2099,AFZ,3,0.95554054,0.0
2099,NIG,4,0.95554054,0.0
2099,RUS,5,0.400884587,0.0
2099,ASC,6,0.898553952,6.76e-14
2099,ASE,7,0.898553952,6.76e-14
2099,CHN,8,0.72990304,2.68e-13
2099,IDN,9,0.898553952,6.76e-14
2099,IND,10,0.810509565,0.0
2099,ASO,11,0.898553952,6.76e-14
2099,JPN,12,0.899170717,0.0
2099,SKT,13,0.817818771,0.0
2099,ANZ,14,0.907572564,0.0
2099,USA,15,0.596867063,1.85e-13
2099,CAN,16,0.826517535,0.0
2099,LAM,17,0.889940036,0.0
2099,BRA,18,0.889940036,0.0
2099,MEX,19,0.574021699,0.0
2099,CHL,20,0.889940036,0.0
2099,ENE,21,0.493447792,0.0
2099,ENW,22,0.493447792,0.0
2099,EUE,23,0.847434431,0.0
2099,EUW,24,0.847434431,0.0
2099,EUM,25,0.847434431,0.0
2099,MEA,26,0.881835224,0.0
2099,MDA,27,0.881835224,0.0
2099,UK,28,0.81586757,0.0
2100,AFE,0,0.959660009,0.0
2100,AFN,1,0.959660009,0.0
2100,AFW,2,0.959660009,0.0
2100,AFZ,3,0.959660009,0.0
2100,NIG,4,0.959660009,0.0
2100,RUS,5,0.401375623,0.0
2100,ASC,6,0.900005186,7.43e-14
2100,ASE,7,0.900005186,7.43e-14
2100,CHN,8,0.735934464,2.75e-13
2100,IDN,9,0.900005186,7.43e-14
2100,IND,10,0.812518351,0.0
2100,ASO,11,0.900005186,7.43e-14
2100,JPN,12,0.904025895,0.0
2100,SKT,13,0.818056357,0.0
2100,ANZ,14,0.912011468,0.0
2100,USA,15,0.600160656,1.94e-13
2100,CAN,16,0.82630756,0.0
2100,LAM,17,0.892533259,0.0
2100,BRA,18,0.892533259,0.0
2100,MEX,19,0.581554963,0.0
2100,CHL,20,0.892533259,0.0
2100,ENE,21,0.498710855,0.0
2100,ENW,22,0.498710855,0.0
2100,EUE,23,0.851870074,0.0
2100,EUW,24,0.851870074,0.0
2100,EUM,25,0.851870074,0.0
2100,MEA,26,0.886118514,0.0
2100,MDA,27,0.886118514,0.0
2100,UK,28,0.818602031,0.0
